ind_income,genQ,te,tr,QMR,CAP,MA,vd,vma,O,P,alfa,epsilon,ft,fop,ec,r_cc,r_tp,area,goalQ,temination,OF_value,income,income_vma,income_vd,cost_infraest,cost_transport,cost_acquis,cost_transf,y,z,x,R,Rmax,Rmin,Q_coll,Q_transf,goal_ratio,%income_vd,%income_vma,std_profit,maxmin_profit
0.0,"[(1, 3.1), (2, 1.95), (3, 0.6), (4, 0.4)]",0.3,0.236,"[(1, 0.9299999999999999), (2, 0.585), (3, 0.18), (4, 0.12)]","[(1, 0.38), (2, 0.76), (3, 1.14), (4, 1.52), (5, 1.9), (6, 2.28)]",0.2,0.25,550000,10,10,0.5,0.1,0.25,0.6,13500,"[(1, 4000), (2, 4000), (3, 4000), (4, 4000), (5, 4000), (6, 4000), (7, 4000)]","[(1, 4000), (2, 4000)]","[(1, 20), (2, 30), (3, 40), (4, 50), (5, 60), (6, 70)]",1.21,optimal,63320.6,953328.8,953328.8,-0.1,280000.0,246046.2,249562.5,114399.4,"[((3, 4), 1.0)]","[((2, 1), 1.0)]","[((1, 3, 2), 0.9299999999999999), ((2, 3, 2), 0.585), ((3, 3, 2), 0.18), ((4, 3, 2), 0.12)]","{1: 1.0, 2: 1.0, 3: 1.0, 4: 1.0000000000000002}",1.0,1.0,1.815,1.38666,1.146,-0.0,100.0,-1.7149859200361253,0.0
0.01,"[(1, 3.1), (2, 1.95), (3, 0.6), (4, 0.4)]",0.3,0.236,"[(1, 0.9299999999999999), (2, 0.585), (3, 0.18), (4, 0.12)]","[(1, 0.38), (2, 0.76), (3, 1.14), (4, 1.52), (5, 1.9), (6, 2.28)]",0.2,0.25,550000,10,10,0.5,0.1,0.25,0.6,13500,"[(1, 4000), (2, 4000), (3, 4000), (4, 4000), (5, 4000), (6, 4000), (7, 4000)]","[(1, 4000), (2, 4000)]","[(1, 20), (2, 30), (3, 40), (4, 50), (5, 60), (6, 70)]",1.21,optimal,69143.7,959151.9,953328.8,5823.1,280000.0,246046.2,249562.5,114399.4,"[((3, 4), 1.0)]","[((2, 1), 1.0)]","[((1, 3, 2), 0.9299999999999999), ((2, 3, 2), 0.585), ((3, 3, 2), 0.18), ((4, 3, 2), 0.12)]","{1: 1.0, 2: 1.0, 3: 1.0, 4: 1.0000000000000002}",1.0,1.0,1.815,1.38666,1.146,0.6,99.4,-1.6806863503498732,0.009999957067725662
0.02,"[(1, 3.1), (2, 1.95), (3, 0.6), (4, 0.4)]",0.3,0.236,"[(1, 0.9299999999999999), (2, 0.585), (3, 0.18), (4, 0.12)]","[(1, 0.38), (2, 0.76), (3, 1.14), (4, 1.52), (5, 1.9), (6, 2.28)]",0.2,0.25,550000,10,10,0.5,0.1,0.25,0.6,13500,"[(1, 4000), (2, 4000), (3, 4000), (4, 4000), (5, 4000), (6, 4000), (7, 4000)]","[(1, 4000), (2, 4000)]","[(1, 20), (2, 30), (3, 40), (4, 50), (5, 60), (6, 70)]",1.21,optimal,74966.9,964975.0,953328.8,11646.2,280000.0,246046.2,249562.5,114399.4,"[((3, 4), 1.0)]","[((2, 1), 1.0)]","[((1, 3, 2), 0.9299999999999999), ((2, 3, 2), 0.585), ((3, 3, 2), 0.18), ((4, 3, 2), 0.12)]","{1: 1.0, 2: 1.0, 3: 1.0, 4: 1.0000000000000002}",1.0,1.0,1.815,1.38666,1.146,1.2,98.8,-1.6463861916376787,0.02000008586454867
0.03,"[(1, 3.1), (2, 1.95), (3, 0.6), (4, 0.4)]",0.3,0.236,"[(1, 0.9299999999999999), (2, 0.585), (3, 0.18), (4, 0.12)]","[(1, 0.38), (2, 0.76), (3, 1.14), (4, 1.52), (5, 1.9), (6, 2.28)]",0.2,0.25,550000,10,10,0.5,0.1,0.25,0.6,13500,"[(1, 4000), (2, 4000), (3, 4000), (4, 4000), (5, 4000), (6, 4000), (7, 4000)]","[(1, 4000), (2, 4000)]","[(1, 20), (2, 30), (3, 40), (4, 50), (5, 60), (6, 70)]",1.21,optimal,80790.0,970798.1,953328.8,17469.3,280000.0,246046.2,249562.5,114399.4,"[((3, 4), 1.0)]","[((2, 1), 1.0)]","[((1, 3, 2), 0.9299999999999999), ((2, 3, 2), 0.585), ((3, 3, 2), 0.18), ((4, 3, 2), 0.12)]","{1: 1.0, 2: 1.0, 3: 1.0, 4: 1.0000000000000002}",1.0,1.0,1.815,1.38666,1.146,1.8,98.2,-1.612086621951427,0.03000004293227433
0.04,"[(1, 3.1), (2, 1.95), (3, 0.6), (4, 0.4)]",0.3,0.236,"[(1, 0.9299999999999999), (2, 0.585), (3, 0.18), (4, 0.12)]","[(1, 0.38), (2, 0.76), (3, 1.14), (4, 1.52), (5, 1.9), (6, 2.28)]",0.2,0.25,550000,10,10,0.5,0.1,0.25,0.6,13500,"[(1, 4000), (2, 4000), (3, 4000), (4, 4000), (5, 4000), (6, 4000), (7, 4000)]","[(1, 4000), (2, 4000)]","[(1, 20), (2, 30), (3, 40), (4, 50), (5, 60), (6, 70)]",1.21,optimal,86613.1,976621.2,953328.8,23292.4,280000.0,246046.2,249562.5,114399.4,"[((3, 4), 1.0)]","[((2, 1), 1.0)]","[((1, 3, 2), 0.9299999999999999), ((2, 3, 2), 0.585), ((3, 3, 2), 0.18), ((4, 3, 2), 0.12)]","{1: 1.0, 2: 1.0, 3: 1.0, 4: 1.0000000000000002}",1.0,1.0,1.815,1.38666,1.146,2.4,97.6,-1.577787052265175,0.04000000000000002
0.05,"[(1, 3.1), (2, 1.95), (3, 0.6), (4, 0.4)]",0.3,0.236,"[(1, 0.9299999999999999), (2, 0.585), (3, 0.18), (4, 0.12)]","[(1, 0.38), (2, 0.76), (3, 1.14), (4, 1.52), (5, 1.9), (6, 2.28)]",0.2,0.25,550000,10,10,0.5,0.1,0.25,0.6,13500,"[(1, 4000), (2, 4000), (3, 4000), (4, 4000), (5, 4000), (6, 4000), (7, 4000)]","[(1, 4000), (2, 4000)]","[(1, 20), (2, 30), (3, 40), (4, 50), (5, 60), (6, 70)]",1.21,optimal,92436.2,982444.4,953328.8,29115.6,280000.0,246046.2,249562.5,114399.4,"[((3, 4), 1.0)]","[((2, 1), 1.0)]","[((1, 3, 2), 0.9299999999999999), ((2, 3, 2), 0.585), ((3, 3, 2), 0.18), ((4, 3, 2), 0.12)]","{1: 1.0, 2: 1.0, 3: 1.0, 4: 1.0000000000000002}",1.0,1.0,1.815,1.38666,1.146,3.0,97.0,-1.5434874825789233,0.049999957067725656
0.06,"[(1, 3.1), (2, 1.95), (3, 0.6), (4, 0.4)]",0.3,0.236,"[(1, 0.9299999999999999), (2, 0.585), (3, 0.18), (4, 0.12)]","[(1, 0.38), (2, 0.76), (3, 1.14), (4, 1.52), (5, 1.9), (6, 2.28)]",0.2,0.25,550000,10,10,0.5,0.1,0.25,0.6,13500,"[(1, 4000), (2, 4000), (3, 4000), (4, 4000), (5, 4000), (6, 4000), (7, 4000)]","[(1, 4000), (2, 4000)]","[(1, 20), (2, 30), (3, 40), (4, 50), (5, 60), (6, 70)]",1.21,optimal,98259.4,988267.5,953328.8,34938.7,280000.0,246046.2,249562.5,114399.4,"[((3, 4), 1.0)]","[((2, 1), 1.0)]","[((1, 3, 2), 0.9299999999999999), ((2, 3, 2), 0.585), ((3, 3, 2), 0.18), ((4, 3, 2), 0.12)]","{1: 1.0, 2: 1.0, 3: 1.0, 4: 1.0000000000000002}",1.0,1.0,1.815,1.38666,1.146,3.5,96.5,-1.5091873238667286,0.06000008586454868
0.07,"[(1, 3.1), (2, 1.95), (3, 0.6), (4, 0.4)]",0.3,0.236,"[(1, 0.9299999999999999), (2, 0.585), (3, 0.18), (4, 0.12)]","[(1, 0.38), (2, 0.76), (3, 1.14), (4, 1.52), (5, 1.9), (6, 2.28)]",0.2,0.25,550000,10,10,0.5,0.1,0.25,0.6,13500,"[(1, 4000), (2, 4000), (3, 4000), (4, 4000), (5, 4000), (6, 4000), (7, 4000)]","[(1, 4000), (2, 4000)]","[(1, 20), (2, 30), (3, 40), (4, 50), (5, 60), (6, 70)]",1.21,optimal,104082.5,994090.6,953328.8,40761.8,280000.0,246046.2,249562.5,114399.4,"[((3, 4), 1.0)]","[((2, 1), 1.0)]","[((1, 3, 2), 0.9299999999999999), ((2, 3, 2), 0.585), ((3, 3, 2), 0.18), ((4, 3, 2), 0.12)]","{1: 1.0, 2: 1.0, 3: 1.0, 4: 1.0000000000000002}",1.0,1.0,1.815,1.38666,1.146,4.1,95.9,-1.474887754180477,0.07000004293227434
0.08,"[(1, 3.1), (2, 1.95), (3, 0.6), (4, 0.4)]",0.3,0.236,"[(1, 0.9299999999999999), (2, 0.585), (3, 0.18), (4, 0.12)]","[(1, 0.38), (2, 0.76), (3, 1.14), (4, 1.52), (5, 1.9), (6, 2.28)]",0.2,0.25,550000,10,10,0.5,0.1,0.25,0.6,13500,"[(1, 4000), (2, 4000), (3, 4000), (4, 4000), (5, 4000), (6, 4000), (7, 4000)]","[(1, 4000), (2, 4000)]","[(1, 20), (2, 30), (3, 40), (4, 50), (5, 60), (6, 70)]",1.21,optimal,109905.6,999913.8,953328.8,46584.9,280000.0,246046.2,249562.5,114399.4,"[((3, 4), 1.0)]","[((2, 1), 1.0)]","[((1, 3, 2), 0.9299999999999999), ((2, 3, 2), 0.585), ((3, 3, 2), 0.18), ((4, 3, 2), 0.12)]","{1: 1.0, 2: 1.0, 3: 1.0, 4: 1.0000000000000002}",1.0,1.0,1.815,1.38666,1.146,4.7,95.3,-1.4405881844942252,0.08
0.09,"[(1, 3.1), (2, 1.95), (3, 0.6), (4, 0.4)]",0.3,0.236,"[(1, 0.9299999999999999), (2, 0.585), (3, 0.18), (4, 0.12)]","[(1, 0.38), (2, 0.76), (3, 1.14), (4, 1.52), (5, 1.9), (6, 2.28)]",0.2,0.25,550000,10,10,0.5,0.1,0.25,0.6,13500,"[(1, 4000), (2, 4000), (3, 4000), (4, 4000), (5, 4000), (6, 4000), (7, 4000)]","[(1, 4000), (2, 4000)]","[(1, 20), (2, 30), (3, 40), (4, 50), (5, 60), (6, 70)]",1.21,optimal,115728.7,1005736.9,953328.8,52408.1,280000.0,246046.2,249562.5,114399.4,"[((3, 4), 1.0)]","[((2, 1), 1.0)]","[((1, 3, 2), 0.9299999999999999), ((2, 3, 2), 0.585), ((3, 3, 2), 0.18), ((4, 3, 2), 0.12)]","{1: 1.0, 2: 1.0, 3: 1.0, 4: 1.0000000000000002}",1.0,1.0,1.815,1.38666,1.146,5.2,94.8,-1.4062886148079734,0.08999995706772566
0.1,"[(1, 3.1), (2, 1.95), (3, 0.6), (4, 0.4)]",0.3,0.236,"[(1, 0.9299999999999999), (2, 0.585), (3, 0.18), (4, 0.12)]","[(1, 0.38), (2, 0.76), (3, 1.14), (4, 1.52), (5, 1.9), (6, 2.28)]",0.2,0.25,550000,10,10,0.5,0.1,0.25,0.6,13500,"[(1, 4000), (2, 4000), (3, 4000), (4, 4000), (5, 4000), (6, 4000), (7, 4000)]","[(1, 4000), (2, 4000)]","[(1, 20), (2, 30), (3, 40), (4, 50), (5, 60), (6, 70)]",1.21,optimal,121551.9,1011560.0,953328.8,58231.2,280000.0,246046.2,249562.5,114399.4,"[((3, 4), 1.0)]","[((2, 1), 1.0)]","[((1, 3, 2), 0.9299999999999999), ((2, 3, 2), 0.585), ((3, 3, 2), 0.18), ((4, 3, 2), 0.12)]","{1: 1.0, 2: 1.0, 3: 1.0, 4: 1.0000000000000002}",1.0,1.0,1.815,1.38666,1.146,5.8,94.2,-1.3719884560957787,0.10000008586454866
0.11,"[(1, 3.1), (2, 1.95), (3, 0.6), (4, 0.4)]",0.3,0.236,"[(1, 0.9299999999999999), (2, 0.585), (3, 0.18), (4, 0.12)]","[(1, 0.38), (2, 0.76), (3, 1.14), (4, 1.52), (5, 1.9), (6, 2.28)]",0.2,0.25,550000,10,10,0.5,0.1,0.25,0.6,13500,"[(1, 4000), (2, 4000), (3, 4000), (4, 4000), (5, 4000), (6, 4000), (7, 4000)]","[(1, 4000), (2, 4000)]","[(1, 20), (2, 30), (3, 40), (4, 50), (5, 60), (6, 70)]",1.21,optimal,127375.0,1017383.1,953328.8,64054.3,280000.0,246046.2,249562.5,114399.4,"[((3, 4), 1.0)]","[((2, 1), 1.0)]","[((1, 3, 2), 0.9299999999999999), ((2, 3, 2), 0.585), ((3, 3, 2), 0.18), ((4, 3, 2), 0.12)]","{1: 1.0, 2: 1.0, 3: 1.0, 4: 1.0000000000000002}",1.0,1.0,1.815,1.38666,1.146,6.3,93.7,-1.3376888864095269,0.11000004293227435
0.12,"[(1, 3.1), (2, 1.95), (3, 0.6), (4, 0.4)]",0.3,0.236,"[(1, 0.9299999999999999), (2, 0.585), (3, 0.18), (4, 0.12)]","[(1, 0.38), (2, 0.76), (3, 1.14), (4, 1.52), (5, 1.9), (6, 2.28)]",0.2,0.25,550000,10,10,0.5,0.1,0.25,0.6,13500,"[(1, 4000), (2, 4000), (3, 4000), (4, 4000), (5, 4000), (6, 4000), (7, 4000)]","[(1, 4000), (2, 4000)]","[(1, 20), (2, 30), (3, 40), (4, 50), (5, 60), (6, 70)]",1.21,optimal,133198.1,1023206.2,953328.8,69877.4,280000.0,246046.2,249562.5,114399.4,"[((3, 4), 1.0)]","[((2, 1), 1.0)]","[((1, 3, 2), 0.9299999999999999), ((2, 3, 2), 0.585), ((3, 3, 2), 0.18), ((4, 3, 2), 0.12)]","{1: 1.0, 2: 1.0, 3: 1.0, 4: 1.0000000000000002}",1.0,1.0,1.815,1.38666,1.146,6.8,93.2,-1.3033893167232753,0.12000000000000001
0.13,"[(1, 3.1), (2, 1.95), (3, 0.6), (4, 0.4)]",0.3,0.236,"[(1, 0.9299999999999999), (2, 0.585), (3, 0.18), (4, 0.12)]","[(1, 0.38), (2, 0.76), (3, 1.14), (4, 1.52), (5, 1.9), (6, 2.28)]",0.2,0.25,550000,10,10,0.5,0.1,0.25,0.6,13500,"[(1, 4000), (2, 4000), (3, 4000), (4, 4000), (5, 4000), (6, 4000), (7, 4000)]","[(1, 4000), (2, 4000)]","[(1, 20), (2, 30), (3, 40), (4, 50), (5, 60), (6, 70)]",1.21,optimal,139021.2,1029029.4,953328.8,75700.6,280000.0,246046.2,249562.5,114399.4,"[((3, 4), 1.0)]","[((2, 1), 1.0)]","[((1, 3, 2), 0.9299999999999999), ((2, 3, 2), 0.585), ((3, 3, 2), 0.18), ((4, 3, 2), 0.12)]","{1: 1.0, 2: 1.0, 3: 1.0, 4: 1.0000000000000002}",1.0,1.0,1.815,1.38666,1.146,7.4,92.6,-1.2690897470370235,0.12999995706772566
0.14,"[(1, 3.1), (2, 1.95), (3, 0.6), (4, 0.4)]",0.3,0.236,"[(1, 0.9299999999999999), (2, 0.585), (3, 0.18), (4, 0.12)]","[(1, 0.38), (2, 0.76), (3, 1.14), (4, 1.52), (5, 1.9), (6, 2.28)]",0.2,0.25,550000,10,10,0.5,0.1,0.25,0.6,13500,"[(1, 4000), (2, 4000), (3, 4000), (4, 4000), (5, 4000), (6, 4000), (7, 4000)]","[(1, 4000), (2, 4000)]","[(1, 20), (2, 30), (3, 40), (4, 50), (5, 60), (6, 70)]",1.21,optimal,144844.4,1034852.5,953328.8,81523.7,280000.0,246046.2,249562.5,114399.4,"[((3, 4), 1.0)]","[((2, 1), 1.0)]","[((1, 3, 2), 0.9299999999999999), ((2, 3, 2), 0.585), ((3, 3, 2), 0.18), ((4, 3, 2), 0.12)]","{1: 1.0, 2: 1.0, 3: 1.0, 4: 1.0000000000000002}",1.0,1.0,1.815,1.38666,1.146,7.9,92.1,-1.2347895883248288,0.14000008586454865
0.15,"[(1, 3.1), (2, 1.95), (3, 0.6), (4, 0.4)]",0.3,0.236,"[(1, 0.9299999999999999), (2, 0.585), (3, 0.18), (4, 0.12)]","[(1, 0.38), (2, 0.76), (3, 1.14), (4, 1.52), (5, 1.9), (6, 2.28)]",0.2,0.25,550000,10,10,0.5,0.1,0.25,0.6,13500,"[(1, 4000), (2, 4000), (3, 4000), (4, 4000), (5, 4000), (6, 4000), (7, 4000)]","[(1, 4000), (2, 4000)]","[(1, 20), (2, 30), (3, 40), (4, 50), (5, 60), (6, 70)]",1.21,optimal,150667.5,1040675.6,953328.8,87346.8,280000.0,246046.2,249562.5,114399.4,"[((3, 4), 1.0)]","[((2, 1), 1.0)]","[((1, 3, 2), 0.9299999999999999), ((2, 3, 2), 0.585), ((3, 3, 2), 0.18), ((4, 3, 2), 0.12)]","{1: 1.0, 2: 1.0, 3: 1.0, 4: 1.0000000000000002}",1.0,1.0,1.815,1.38666,1.146,8.4,91.6,-1.200490018638577,0.1500000429322743
0.16,"[(1, 3.1), (2, 1.95), (3, 0.6), (4, 0.4)]",0.3,0.236,"[(1, 0.9299999999999999), (2, 0.585), (3, 0.18), (4, 0.12)]","[(1, 0.38), (2, 0.76), (3, 1.14), (4, 1.52), (5, 1.9), (6, 2.28)]",0.2,0.25,550000,10,10,0.5,0.1,0.25,0.6,13500,"[(1, 4000), (2, 4000), (3, 4000), (4, 4000), (5, 4000), (6, 4000), (7, 4000)]","[(1, 4000), (2, 4000)]","[(1, 20), (2, 30), (3, 40), (4, 50), (5, 60), (6, 70)]",1.21,optimal,156490.6,1046498.8,953328.8,93169.9,280000.0,246046.2,249562.5,114399.4,"[((3, 4), 1.0)]","[((2, 1), 1.0)]","[((1, 3, 2), 0.9299999999999999), ((2, 3, 2), 0.585), ((3, 3, 2), 0.18), ((4, 3, 2), 0.12)]","{1: 1.0, 2: 1.0, 3: 1.0, 4: 1.0000000000000002}",1.0,1.0,1.815,1.38666,1.146,8.9,91.1,-1.1661904489523252,0.15999999999999998
0.17,"[(1, 3.1), (2, 1.95), (3, 0.6), (4, 0.4)]",0.3,0.236,"[(1, 0.9299999999999999), (2, 0.585), (3, 0.18), (4, 0.12)]","[(1, 0.38), (2, 0.76), (3, 1.14), (4, 1.52), (5, 1.9), (6, 2.28)]",0.2,0.25,550000,10,10,0.5,0.1,0.25,0.6,13500,"[(1, 4000), (2, 4000), (3, 4000), (4, 4000), (5, 4000), (6, 4000), (7, 4000)]","[(1, 4000), (2, 4000)]","[(1, 20), (2, 30), (3, 40), (4, 50), (5, 60), (6, 70)]",1.21,optimal,162313.7,1052321.9,953328.8,98993.1,280000.0,246046.2,249562.5,114399.4,"[((3, 4), 1.0)]","[((2, 1), 1.0)]","[((1, 3, 2), 0.9299999999999999), ((2, 3, 2), 0.585), ((3, 3, 2), 0.18), ((4, 3, 2), 0.12)]","{1: 1.0, 2: 1.0, 3: 1.0, 4: 1.0000000000000002}",1.0,1.0,1.815,1.38666,1.146,9.4,90.6,-1.1318908792660736,0.1699999570677257
0.18,"[(1, 3.1), (2, 1.95), (3, 0.6), (4, 0.4)]",0.3,0.236,"[(1, 0.9299999999999999), (2, 0.585), (3, 0.18), (4, 0.12)]","[(1, 0.38), (2, 0.76), (3, 1.14), (4, 1.52), (5, 1.9), (6, 2.28)]",0.2,0.25,550000,10,10,0.5,0.1,0.25,0.6,13500,"[(1, 4000), (2, 4000), (3, 4000), (4, 4000), (5, 4000), (6, 4000), (7, 4000)]","[(1, 4000), (2, 4000)]","[(1, 20), (2, 30), (3, 40), (4, 50), (5, 60), (6, 70)]",1.21,optimal,168136.9,1058145.0,953328.8,104816.2,280000.0,246046.2,249562.5,114399.4,"[((3, 4), 1.0)]","[((2, 1), 1.0)]","[((1, 3, 2), 0.9299999999999999), ((2, 3, 2), 0.585), ((3, 3, 2), 0.18), ((4, 3, 2), 0.12)]","{1: 1.0, 2: 1.0, 3: 1.0, 4: 1.0000000000000002}",1.0,1.0,1.815,1.38666,1.146,9.9,90.1,-1.0975907205538789,0.18000008586454863
0.19,"[(1, 3.1), (2, 1.95), (3, 0.6), (4, 0.4)]",0.3,0.236,"[(1, 0.9299999999999999), (2, 0.585), (3, 0.18), (4, 0.12)]","[(1, 0.38), (2, 0.76), (3, 1.14), (4, 1.52), (5, 1.9), (6, 2.28)]",0.2,0.25,550000,10,10,0.5,0.1,0.25,0.6,13500,"[(1, 4000), (2, 4000), (3, 4000), (4, 4000), (5, 4000), (6, 4000), (7, 4000)]","[(1, 4000), (2, 4000)]","[(1, 20), (2, 30), (3, 40), (4, 50), (5, 60), (6, 70)]",1.21,optimal,173960.0,1063968.1,953328.8,110639.3,280000.0,246046.2,249562.5,114399.4,"[((3, 4), 1.0)]","[((2, 1), 1.0)]","[((1, 3, 2), 0.9299999999999999), ((2, 3, 2), 0.585), ((3, 3, 2), 0.18), ((4, 3, 2), 0.12)]","{1: 1.0, 2: 1.0, 3: 1.0, 4: 1.0000000000000002}",1.0,1.0,1.815,1.38666,1.146,10.4,89.6,-1.063291150867627,0.19000004293227435
0.2,"[(1, 3.1), (2, 1.95), (3, 0.6), (4, 0.4)]",0.3,0.236,"[(1, 0.9299999999999999), (2, 0.585), (3, 0.18), (4, 0.12)]","[(1, 0.38), (2, 0.76), (3, 1.14), (4, 1.52), (5, 1.9), (6, 2.28)]",0.2,0.25,550000,10,10,0.5,0.1,0.25,0.6,13500,"[(1, 4000), (2, 4000), (3, 4000), (4, 4000), (5, 4000), (6, 4000), (7, 4000)]","[(1, 4000), (2, 4000)]","[(1, 20), (2, 30), (3, 40), (4, 50), (5, 60), (6, 70)]",1.21,optimal,179783.1,1069791.2,953328.8,116462.4,280000.0,246046.2,249562.5,114399.4,"[((3, 4), 1.0)]","[((2, 1), 1.0)]","[((1, 3, 2), 0.9299999999999999), ((2, 3, 2), 0.585), ((3, 3, 2), 0.18), ((4, 3, 2), 0.12)]","{1: 1.0, 2: 1.0, 3: 1.0, 4: 1.0000000000000002}",1.0,1.0,1.815,1.38666,1.146,10.9,89.1,-1.0289915811813752,0.2
0.21,"[(1, 3.1), (2, 1.95), (3, 0.6), (4, 0.4)]",0.3,0.236,"[(1, 0.9299999999999999), (2, 0.585), (3, 0.18), (4, 0.12)]","[(1, 0.38), (2, 0.76), (3, 1.14), (4, 1.52), (5, 1.9), (6, 2.28)]",0.2,0.25,550000,10,10,0.5,0.1,0.25,0.6,13500,"[(1, 4000), (2, 4000), (3, 4000), (4, 4000), (5, 4000), (6, 4000), (7, 4000)]","[(1, 4000), (2, 4000)]","[(1, 20), (2, 30), (3, 40), (4, 50), (5, 60), (6, 70)]",1.21,optimal,185606.2,1075614.4,953328.8,122285.6,280000.0,246046.2,249562.5,114399.4,"[((3, 4), 1.0)]","[((2, 1), 1.0)]","[((1, 3, 2), 0.9299999999999999), ((2, 3, 2), 0.585), ((3, 3, 2), 0.18), ((4, 3, 2), 0.12)]","{1: 1.0, 2: 1.0, 3: 1.0, 4: 1.0000000000000002}",1.0,1.0,1.815,1.38666,1.146,11.4,88.6,-0.9946920114951235,0.20999995706772567
0.22,"[(1, 3.1), (2, 1.95), (3, 0.6), (4, 0.4)]",0.3,0.236,"[(1, 0.9299999999999999), (2, 0.585), (3, 0.18), (4, 0.12)]","[(1, 0.38), (2, 0.76), (3, 1.14), (4, 1.52), (5, 1.9), (6, 2.28)]",0.2,0.25,550000,10,10,0.5,0.1,0.25,0.6,13500,"[(1, 4000), (2, 4000), (3, 4000), (4, 4000), (5, 4000), (6, 4000), (7, 4000)]","[(1, 4000), (2, 4000)]","[(1, 20), (2, 30), (3, 40), (4, 50), (5, 60), (6, 70)]",1.21,optimal,191429.4,1081437.5,953328.8,128108.7,280000.0,246046.2,249562.5,114399.4,"[((3, 4), 1.0)]","[((2, 1), 1.0)]","[((1, 3, 2), 0.9299999999999999), ((2, 3, 2), 0.585), ((3, 3, 2), 0.18), ((4, 3, 2), 0.12)]","{1: 1.0, 2: 1.0, 3: 1.0, 4: 1.0000000000000002}",1.0,1.0,1.815,1.38666,1.146,11.8,88.2,-0.9603918527829289,0.22000008586454867
0.23,"[(1, 3.1), (2, 1.95), (3, 0.6), (4, 0.4)]",0.3,0.236,"[(1, 0.9299999999999999), (2, 0.585), (3, 0.18), (4, 0.12)]","[(1, 0.38), (2, 0.76), (3, 1.14), (4, 1.52), (5, 1.9), (6, 2.28)]",0.2,0.25,550000,10,10,0.5,0.1,0.25,0.6,13500,"[(1, 4000), (2, 4000), (3, 4000), (4, 4000), (5, 4000), (6, 4000), (7, 4000)]","[(1, 4000), (2, 4000)]","[(1, 20), (2, 30), (3, 40), (4, 50), (5, 60), (6, 70)]",1.21,optimal,197252.5,1087260.6,953328.8,133931.8,280000.0,246046.2,249562.5,114399.4,"[((3, 4), 1.0)]","[((2, 1), 1.0)]","[((1, 3, 2), 0.9299999999999999), ((2, 3, 2), 0.585), ((3, 3, 2), 0.18), ((4, 3, 2), 0.12)]","{1: 1.0, 2: 1.0, 3: 1.0, 4: 1.0000000000000002}",1.0,1.0,1.815,1.38666,1.146,12.3,87.7,-0.9260922830966771,0.23000004293227433
0.24,"[(1, 3.1), (2, 1.95), (3, 0.6), (4, 0.4)]",0.3,0.236,"[(1, 0.9299999999999999), (2, 0.585), (3, 0.18), (4, 0.12)]","[(1, 0.38), (2, 0.76), (3, 1.14), (4, 1.52), (5, 1.9), (6, 2.28)]",0.2,0.25,550000,10,10,0.5,0.1,0.25,0.6,13500,"[(1, 4000), (2, 4000), (3, 4000), (4, 4000), (5, 4000), (6, 4000), (7, 4000)]","[(1, 4000), (2, 4000)]","[(1, 20), (2, 30), (3, 40), (4, 50), (5, 60), (6, 70)]",1.21,optimal,203075.6,1093083.8,953328.8,139754.9,280000.0,246046.2,249562.5,114399.4,"[((3, 4), 1.0)]","[((2, 1), 1.0)]","[((1, 3, 2), 0.9299999999999999), ((2, 3, 2), 0.585), ((3, 3, 2), 0.18), ((4, 3, 2), 0.12)]","{1: 1.0, 2: 1.0, 3: 1.0, 4: 1.0000000000000002}",1.0,1.0,1.815,1.38666,1.146,12.8,87.2,-0.8917927134104253,0.24
0.25,"[(1, 3.1), (2, 1.95), (3, 0.6), (4, 0.4)]",0.3,0.236,"[(1, 0.9299999999999999), (2, 0.585), (3, 0.18), (4, 0.12)]","[(1, 0.38), (2, 0.76), (3, 1.14), (4, 1.52), (5, 1.9), (6, 2.28)]",0.2,0.25,550000,10,10,0.5,0.1,0.25,0.6,13500,"[(1, 4000), (2, 4000), (3, 4000), (4, 4000), (5, 4000), (6, 4000), (7, 4000)]","[(1, 4000), (2, 4000)]","[(1, 20), (2, 30), (3, 40), (4, 50), (5, 60), (6, 70)]",1.21,optimal,208898.7,1098906.9,953328.8,145578.1,280000.0,246046.2,249562.5,114399.4,"[((3, 4), 1.0)]","[((2, 1), 1.0)]","[((1, 3, 2), 0.9299999999999999), ((2, 3, 2), 0.585), ((3, 3, 2), 0.18), ((4, 3, 2), 0.12)]","{1: 1.0, 2: 1.0, 3: 1.0, 4: 1.0000000000000002}",1.0,1.0,1.815,1.38666,1.146,13.2,86.8,-0.8574931437241736,0.24999995706772565
0.26,"[(1, 3.1), (2, 1.95), (3, 0.6), (4, 0.4)]",0.3,0.236,"[(1, 0.9299999999999999), (2, 0.585), (3, 0.18), (4, 0.12)]","[(1, 0.38), (2, 0.76), (3, 1.14), (4, 1.52), (5, 1.9), (6, 2.28)]",0.2,0.25,550000,10,10,0.5,0.1,0.25,0.6,13500,"[(1, 4000), (2, 4000), (3, 4000), (4, 4000), (5, 4000), (6, 4000), (7, 4000)]","[(1, 4000), (2, 4000)]","[(1, 20), (2, 30), (3, 40), (4, 50), (5, 60), (6, 70)]",1.21,optimal,214721.9,1104730.0,953328.8,151401.2,280000.0,246046.2,249562.5,114399.4,"[((3, 4), 1.0)]","[((2, 1), 1.0)]","[((1, 3, 2), 0.9299999999999999), ((2, 3, 2), 0.585), ((3, 3, 2), 0.18), ((4, 3, 2), 0.12)]","{1: 1.0, 2: 1.0, 3: 1.0, 4: 1.0000000000000002}",1.0,1.0,1.815,1.38666,1.146,13.7,86.3,-0.823192985011979,0.26000008586454865
0.27,"[(1, 3.1), (2, 1.95), (3, 0.6), (4, 0.4)]",0.3,0.236,"[(1, 0.9299999999999999), (2, 0.585), (3, 0.18), (4, 0.12)]","[(1, 0.38), (2, 0.76), (3, 1.14), (4, 1.52), (5, 1.9), (6, 2.28)]",0.2,0.25,550000,10,10,0.5,0.1,0.25,0.6,13500,"[(1, 4000), (2, 4000), (3, 4000), (4, 4000), (5, 4000), (6, 4000), (7, 4000)]","[(1, 4000), (2, 4000)]","[(1, 20), (2, 30), (3, 40), (4, 50), (5, 60), (6, 70)]",1.21,optimal,220545.0,1110553.1,953328.8,157224.3,280000.0,246046.2,249562.5,114399.4,"[((3, 4), 1.0)]","[((2, 1), 1.0)]","[((1, 3, 2), 0.9299999999999999), ((2, 3, 2), 0.585), ((3, 3, 2), 0.18), ((4, 3, 2), 0.12)]","{1: 1.0, 2: 1.0, 3: 1.0, 4: 1.0000000000000002}",1.0,1.0,1.815,1.38666,1.146,14.2,85.8,-0.7888934153257272,0.2700000429322743
0.28,"[(1, 3.1), (2, 1.95), (3, 0.6), (4, 0.4)]",0.3,0.236,"[(1, 0.9299999999999999), (2, 0.585), (3, 0.18), (4, 0.12)]","[(1, 0.38), (2, 0.76), (3, 1.14), (4, 1.52), (5, 1.9), (6, 2.28)]",0.2,0.25,550000,10,10,0.5,0.1,0.25,0.6,13500,"[(1, 4000), (2, 4000), (3, 4000), (4, 4000), (5, 4000), (6, 4000), (7, 4000)]","[(1, 4000), (2, 4000)]","[(1, 20), (2, 30), (3, 40), (4, 50), (5, 60), (6, 70)]",1.21,optimal,226368.1,1116376.2,953328.8,163047.4,280000.0,246046.2,249562.5,114399.4,"[((3, 4), 1.0)]","[((2, 1), 1.0)]","[((1, 3, 2), 0.9299999999999999), ((2, 3, 2), 0.585), ((3, 3, 2), 0.18), ((4, 3, 2), 0.12)]","{1: 1.0, 2: 1.0, 3: 1.0, 4: 1.0000000000000002}",1.0,1.0,1.815,1.38666,1.146,14.6,85.4,-0.7545938456394754,0.27999999999999997
0.29,"[(1, 3.1), (2, 1.95), (3, 0.6), (4, 0.4)]",0.3,0.236,"[(1, 0.9299999999999999), (2, 0.585), (3, 0.18), (4, 0.12)]","[(1, 0.38), (2, 0.76), (3, 1.14), (4, 1.52), (5, 1.9), (6, 2.28)]",0.2,0.25,550000,10,10,0.5,0.1,0.25,0.6,13500,"[(1, 4000), (2, 4000), (3, 4000), (4, 4000), (5, 4000), (6, 4000), (7, 4000)]","[(1, 4000), (2, 4000)]","[(1, 20), (2, 30), (3, 40), (4, 50), (5, 60), (6, 70)]",1.21,optimal,232191.2,1122199.4,953328.8,168870.6,280000.0,246046.2,249562.5,114399.4,"[((3, 4), 1.0)]","[((2, 1), 1.0)]","[((1, 3, 2), 0.9299999999999999), ((2, 3, 2), 0.585), ((3, 3, 2), 0.18), ((4, 3, 2), 0.12)]","{1: 1.0, 2: 1.0, 3: 1.0, 4: 1.0000000000000002}",1.0,1.0,1.815,1.38666,1.146,15.0,85.0,-0.7202942759532237,0.2899999570677257
0.3,"[(1, 3.1), (2, 1.95), (3, 0.6), (4, 0.4)]",0.3,0.236,"[(1, 0.9299999999999999), (2, 0.585), (3, 0.18), (4, 0.12)]","[(1, 0.38), (2, 0.76), (3, 1.14), (4, 1.52), (5, 1.9), (6, 2.28)]",0.2,0.25,550000,10,10,0.5,0.1,0.25,0.6,13500,"[(1, 4000), (2, 4000), (3, 4000), (4, 4000), (5, 4000), (6, 4000), (7, 4000)]","[(1, 4000), (2, 4000)]","[(1, 20), (2, 30), (3, 40), (4, 50), (5, 60), (6, 70)]",1.21,optimal,238014.4,1128022.5,953328.8,174693.7,280000.0,246046.2,249562.5,114399.4,"[((3, 4), 1.0)]","[((2, 1), 1.0)]","[((1, 3, 2), 0.9299999999999999), ((2, 3, 2), 0.585), ((3, 3, 2), 0.18), ((4, 3, 2), 0.12)]","{1: 1.0, 2: 1.0, 3: 1.0, 4: 1.0000000000000002}",1.0,1.0,1.815,1.38666,1.146,15.5,84.5,-0.685994117241029,0.3000000858645486
0.31,"[(1, 3.1), (2, 1.95), (3, 0.6), (4, 0.4)]",0.3,0.236,"[(1, 0.9299999999999999), (2, 0.585), (3, 0.18), (4, 0.12)]","[(1, 0.38), (2, 0.76), (3, 1.14), (4, 1.52), (5, 1.9), (6, 2.28)]",0.2,0.25,550000,10,10,0.5,0.1,0.25,0.6,13500,"[(1, 4000), (2, 4000), (3, 4000), (4, 4000), (5, 4000), (6, 4000), (7, 4000)]","[(1, 4000), (2, 4000)]","[(1, 20), (2, 30), (3, 40), (4, 50), (5, 60), (6, 70)]",1.21,optimal,243837.5,1133845.6,953328.8,180516.8,280000.0,246046.2,249562.5,114399.4,"[((3, 4), 1.0)]","[((2, 1), 1.0)]","[((1, 3, 2), 0.9299999999999999), ((2, 3, 2), 0.585), ((3, 3, 2), 0.18), ((4, 3, 2), 0.12)]","{1: 1.0, 2: 1.0, 3: 1.0, 4: 1.0000000000000002}",1.0,1.0,1.815,1.38666,1.146,15.9,84.1,-0.6516945475547773,0.31000004293227434
0.32,"[(1, 3.1), (2, 1.95), (3, 0.6), (4, 0.4)]",0.3,0.236,"[(1, 0.9299999999999999), (2, 0.585), (3, 0.18), (4, 0.12)]","[(1, 0.38), (2, 0.76), (3, 1.14), (4, 1.52), (5, 1.9), (6, 2.28)]",0.2,0.25,550000,10,10,0.5,0.1,0.25,0.6,13500,"[(1, 4000), (2, 4000), (3, 4000), (4, 4000), (5, 4000), (6, 4000), (7, 4000)]","[(1, 4000), (2, 4000)]","[(1, 20), (2, 30), (3, 40), (4, 50), (5, 60), (6, 70)]",1.21,optimal,249660.6,1139668.8,953328.8,186339.9,280000.0,246046.2,249562.5,114399.4,"[((3, 4), 1.0)]","[((2, 1), 1.0)]","[((1, 3, 2), 0.9299999999999999), ((2, 3, 2), 0.585), ((3, 3, 2), 0.18), ((4, 3, 2), 0.12)]","{1: 1.0, 2: 1.0, 3: 1.0, 4: 1.0000000000000002}",1.0,1.0,1.815,1.38666,1.146,16.4,83.6,-0.6173949778685255,0.32
0.33,"[(1, 3.1), (2, 1.95), (3, 0.6), (4, 0.4)]",0.3,0.236,"[(1, 0.9299999999999999), (2, 0.585), (3, 0.18), (4, 0.12)]","[(1, 0.38), (2, 0.76), (3, 1.14), (4, 1.52), (5, 1.9), (6, 2.28)]",0.2,0.25,550000,10,10,0.5,0.1,0.25,0.6,13500,"[(1, 4000), (2, 4000), (3, 4000), (4, 4000), (5, 4000), (6, 4000), (7, 4000)]","[(1, 4000), (2, 4000)]","[(1, 20), (2, 30), (3, 40), (4, 50), (5, 60), (6, 70)]",1.21,optimal,255483.7,1145491.9,953328.8,192163.1,280000.0,246046.2,249562.5,114399.4,"[((3, 4), 1.0)]","[((2, 1), 1.0)]","[((1, 3, 2), 0.9299999999999999), ((2, 3, 2), 0.585), ((3, 3, 2), 0.18), ((4, 3, 2), 0.12)]","{1: 1.0, 2: 1.0, 3: 1.0, 4: 1.0000000000000002}",1.0,1.0,1.815,1.38666,1.146,16.8,83.2,-0.5830954081822737,0.32999995706772567
0.34,"[(1, 3.1), (2, 1.95), (3, 0.6), (4, 0.4)]",0.3,0.236,"[(1, 0.9299999999999999), (2, 0.585), (3, 0.18), (4, 0.12)]","[(1, 0.38), (2, 0.76), (3, 1.14), (4, 1.52), (5, 1.9), (6, 2.28)]",0.2,0.25,550000,10,10,0.5,0.1,0.25,0.6,13500,"[(1, 4000), (2, 4000), (3, 4000), (4, 4000), (5, 4000), (6, 4000), (7, 4000)]","[(1, 4000), (2, 4000)]","[(1, 20), (2, 30), (3, 40), (4, 50), (5, 60), (6, 70)]",1.21,optimal,261306.9,1151315.0,953328.8,197986.2,280000.0,246046.2,249562.5,114399.4,"[((3, 4), 1.0)]","[((2, 1), 1.0)]","[((1, 3, 2), 0.9299999999999999), ((2, 3, 2), 0.585), ((3, 3, 2), 0.18), ((4, 3, 2), 0.12)]","{1: 1.0, 2: 1.0, 3: 1.0, 4: 1.0000000000000002}",1.0,1.0,1.815,1.38666,1.146,17.2,82.8,-0.5487952494700791,0.34000008586454866
0.35,"[(1, 3.1), (2, 1.95), (3, 0.6), (4, 0.4)]",0.3,0.236,"[(1, 0.9299999999999999), (2, 0.585), (3, 0.18), (4, 0.12)]","[(1, 0.38), (2, 0.76), (3, 1.14), (4, 1.52), (5, 1.9), (6, 2.28)]",0.2,0.25,550000,10,10,0.5,0.1,0.25,0.6,13500,"[(1, 4000), (2, 4000), (3, 4000), (4, 4000), (5, 4000), (6, 4000), (7, 4000)]","[(1, 4000), (2, 4000)]","[(1, 20), (2, 30), (3, 40), (4, 50), (5, 60), (6, 70)]",1.21,optimal,267130.0,1157138.1,953328.8,203809.3,280000.0,246046.2,249562.5,114399.4,"[((3, 4), 1.0)]","[((2, 1), 1.0)]","[((1, 3, 2), 0.9299999999999999), ((2, 3, 2), 0.585), ((3, 3, 2), 0.18), ((4, 3, 2), 0.12)]","{1: 1.0, 2: 1.0, 3: 1.0, 4: 1.0000000000000002}",1.0,1.0,1.815,1.38666,1.146,17.6,82.4,-0.5144956797838274,0.3500000429322743
0.36,"[(1, 3.1), (2, 1.95), (3, 0.6), (4, 0.4)]",0.3,0.236,"[(1, 0.9299999999999999), (2, 0.585), (3, 0.18), (4, 0.12)]","[(1, 0.38), (2, 0.76), (3, 1.14), (4, 1.52), (5, 1.9), (6, 2.28)]",0.2,0.25,550000,10,10,0.5,0.1,0.25,0.6,13500,"[(1, 4000), (2, 4000), (3, 4000), (4, 4000), (5, 4000), (6, 4000), (7, 4000)]","[(1, 4000), (2, 4000)]","[(1, 20), (2, 30), (3, 40), (4, 50), (5, 60), (6, 70)]",1.21,optimal,272953.1,1162961.2,953328.8,209632.4,280000.0,246046.2,249562.5,114399.4,"[((3, 4), 1.0)]","[((2, 1), 1.0)]","[((1, 3, 2), 0.9299999999999999), ((2, 3, 2), 0.585), ((3, 3, 2), 0.18), ((4, 3, 2), 0.12)]","{1: 1.0, 2: 1.0, 3: 1.0, 4: 1.0000000000000002}",1.0,1.0,1.815,1.38666,1.146,18.0,82.0,-0.48019611009757573,0.35999999999999993
0.37,"[(1, 3.1), (2, 1.95), (3, 0.6), (4, 0.4)]",0.3,0.236,"[(1, 0.9299999999999999), (2, 0.585), (3, 0.18), (4, 0.12)]","[(1, 0.38), (2, 0.76), (3, 1.14), (4, 1.52), (5, 1.9), (6, 2.28)]",0.2,0.25,550000,10,10,0.5,0.1,0.25,0.6,13500,"[(1, 4000), (2, 4000), (3, 4000), (4, 4000), (5, 4000), (6, 4000), (7, 4000)]","[(1, 4000), (2, 4000)]","[(1, 20), (2, 30), (3, 40), (4, 50), (5, 60), (6, 70)]",1.21,optimal,278776.2,1168784.4,953328.8,215455.6,280000.0,246046.2,249562.5,114399.4,"[((3, 4), 1.0)]","[((2, 1), 1.0)]","[((1, 3, 2), 0.9299999999999999), ((2, 3, 2), 0.585), ((3, 3, 2), 0.18), ((4, 3, 2), 0.12)]","{1: 1.0, 2: 1.0, 3: 1.0, 4: 1.0000000000000002}",1.0,1.0,1.815,1.38666,1.146,18.4,81.6,-0.44589654041132376,0.36999995706772565
0.38,"[(1, 3.1), (2, 1.95), (3, 0.6), (4, 0.4)]",0.3,0.236,"[(1, 0.9299999999999999), (2, 0.585), (3, 0.18), (4, 0.12)]","[(1, 0.38), (2, 0.76), (3, 1.14), (4, 1.52), (5, 1.9), (6, 2.28)]",0.2,0.25,550000,10,10,0.5,0.1,0.25,0.6,13500,"[(1, 4000), (2, 4000), (3, 4000), (4, 4000), (5, 4000), (6, 4000), (7, 4000)]","[(1, 4000), (2, 4000)]","[(1, 20), (2, 30), (3, 40), (4, 50), (5, 60), (6, 70)]",1.21,optimal,284599.4,1174607.5,953328.8,221278.7,280000.0,246046.2,249562.5,114399.4,"[((3, 4), 1.0)]","[((2, 1), 1.0)]","[((1, 3, 2), 0.9299999999999999), ((2, 3, 2), 0.585), ((3, 3, 2), 0.18), ((4, 3, 2), 0.12)]","{1: 1.0, 2: 1.0, 3: 1.0, 4: 1.0000000000000002}",1.0,1.0,1.815,1.38666,1.146,18.8,81.2,-0.411596381699129,0.3800000858645487
0.39,"[(1, 3.1), (2, 1.95), (3, 0.6), (4, 0.4)]",0.3,0.236,"[(1, 0.9299999999999999), (2, 0.585), (3, 0.18), (4, 0.12)]","[(1, 0.38), (2, 0.76), (3, 1.14), (4, 1.52), (5, 1.9), (6, 2.28)]",0.2,0.25,550000,10,10,0.5,0.1,0.25,0.6,13500,"[(1, 4000), (2, 4000), (3, 4000), (4, 4000), (5, 4000), (6, 4000), (7, 4000)]","[(1, 4000), (2, 4000)]","[(1, 20), (2, 30), (3, 40), (4, 50), (5, 60), (6, 70)]",1.21,optimal,290422.5,1180430.6,953328.8,227101.8,280000.0,246046.2,249562.5,114399.4,"[((3, 4), 1.0)]","[((2, 1), 1.0)]","[((1, 3, 2), 0.9299999999999999), ((2, 3, 2), 0.585), ((3, 3, 2), 0.18), ((4, 3, 2), 0.12)]","{1: 1.0, 2: 1.0, 3: 1.0, 4: 1.0000000000000002}",1.0,1.0,1.815,1.38666,1.146,19.2,80.8,-0.3772968120128774,0.3900000429322743
0.4,"[(1, 3.1), (2, 1.95), (3, 0.6), (4, 0.4)]",0.3,0.236,"[(1, 0.9299999999999999), (2, 0.585), (3, 0.18), (4, 0.12)]","[(1, 0.38), (2, 0.76), (3, 1.14), (4, 1.52), (5, 1.9), (6, 2.28)]",0.2,0.25,550000,10,10,0.5,0.1,0.25,0.6,13500,"[(1, 4000), (2, 4000), (3, 4000), (4, 4000), (5, 4000), (6, 4000), (7, 4000)]","[(1, 4000), (2, 4000)]","[(1, 20), (2, 30), (3, 40), (4, 50), (5, 60), (6, 70)]",1.21,optimal,296245.6,1186253.8,953328.8,232924.9,280000.0,246046.2,249562.5,114399.4,"[((3, 4), 1.0)]","[((2, 1), 1.0)]","[((1, 3, 2), 0.9299999999999999), ((2, 3, 2), 0.585), ((3, 3, 2), 0.18), ((4, 3, 2), 0.12)]","{1: 1.0, 2: 1.0, 3: 1.0, 4: 1.0000000000000002}",1.0,1.0,1.815,1.38666,1.146,19.6,80.4,-0.34299724232662576,0.39999999999999997
0.41,"[(1, 3.1), (2, 1.95), (3, 0.6), (4, 0.4)]",0.3,0.236,"[(1, 0.9299999999999999), (2, 0.585), (3, 0.18), (4, 0.12)]","[(1, 0.38), (2, 0.76), (3, 1.14), (4, 1.52), (5, 1.9), (6, 2.28)]",0.2,0.25,550000,10,10,0.5,0.1,0.25,0.6,13500,"[(1, 4000), (2, 4000), (3, 4000), (4, 4000), (5, 4000), (6, 4000), (7, 4000)]","[(1, 4000), (2, 4000)]","[(1, 20), (2, 30), (3, 40), (4, 50), (5, 60), (6, 70)]",1.21,optimal,302068.7,1192076.9,953328.8,238748.1,280000.0,246046.2,249562.5,114399.4,"[((3, 4), 1.0)]","[((2, 1), 1.0)]","[((1, 3, 2), 0.9299999999999999), ((2, 3, 2), 0.585), ((3, 3, 2), 0.18), ((4, 3, 2), 0.12)]","{1: 1.0, 2: 1.0, 3: 1.0, 4: 1.0000000000000002}",1.0,1.0,1.815,1.38666,1.146,20.0,80.0,-0.30869767264037384,0.4099999570677257
0.42,"[(1, 3.1), (2, 1.95), (3, 0.6), (4, 0.4)]",0.3,0.236,"[(1, 0.9299999999999999), (2, 0.585), (3, 0.18), (4, 0.12)]","[(1, 0.38), (2, 0.76), (3, 1.14), (4, 1.52), (5, 1.9), (6, 2.28)]",0.2,0.25,550000,10,10,0.5,0.1,0.25,0.6,13500,"[(1, 4000), (2, 4000), (3, 4000), (4, 4000), (5, 4000), (6, 4000), (7, 4000)]","[(1, 4000), (2, 4000)]","[(1, 20), (2, 30), (3, 40), (4, 50), (5, 60), (6, 70)]",1.21,optimal,307891.9,1197900.0,953328.8,244571.2,280000.0,246046.2,249562.5,114399.4,"[((3, 4), 1.0)]","[((2, 1), 1.0)]","[((1, 3, 2), 0.9299999999999999), ((2, 3, 2), 0.585), ((3, 3, 2), 0.18), ((4, 3, 2), 0.12)]","{1: 1.0, 2: 1.0, 3: 1.0, 4: 1.0000000000000002}",1.0,1.0,1.815,1.38666,1.146,20.4,79.6,-0.274397513928179,0.4200000858645487
0.43,"[(1, 3.1), (2, 1.95), (3, 0.6), (4, 0.4)]",0.3,0.236,"[(1, 0.9299999999999999), (2, 0.585), (3, 0.18), (4, 0.12)]","[(1, 0.38), (2, 0.76), (3, 1.14), (4, 1.52), (5, 1.9), (6, 2.28)]",0.2,0.25,550000,10,10,0.5,0.1,0.25,0.6,13500,"[(1, 4000), (2, 4000), (3, 4000), (4, 4000), (5, 4000), (6, 4000), (7, 4000)]","[(1, 4000), (2, 4000)]","[(1, 20), (2, 30), (3, 40), (4, 50), (5, 60), (6, 70)]",1.21,optimal,313715.0,1203723.1,953328.8,250394.3,280000.0,246046.2,249562.5,114399.4,"[((3, 4), 1.0)]","[((2, 1), 1.0)]","[((1, 3, 2), 0.9299999999999999), ((2, 3, 2), 0.585), ((3, 3, 2), 0.18), ((4, 3, 2), 0.12)]","{1: 1.0, 2: 1.0, 3: 1.0, 4: 1.0000000000000002}",1.0,1.0,1.815,1.38666,1.146,20.8,79.2,-0.24009794424192743,0.4300000429322743
0.44,"[(1, 3.1), (2, 1.95), (3, 0.6), (4, 0.4)]",0.3,0.236,"[(1, 0.9299999999999999), (2, 0.585), (3, 0.18), (4, 0.12)]","[(1, 0.38), (2, 0.76), (3, 1.14), (4, 1.52), (5, 1.9), (6, 2.28)]",0.2,0.25,550000,10,10,0.5,0.1,0.25,0.6,13500,"[(1, 4000), (2, 4000), (3, 4000), (4, 4000), (5, 4000), (6, 4000), (7, 4000)]","[(1, 4000), (2, 4000)]","[(1, 20), (2, 30), (3, 40), (4, 50), (5, 60), (6, 70)]",1.21,optimal,319538.1,1209546.2,953328.8,256217.4,280000.0,246046.2,249562.5,114399.4,"[((3, 4), 1.0)]","[((2, 1), 1.0)]","[((1, 3, 2), 0.9299999999999999), ((2, 3, 2), 0.585), ((3, 3, 2), 0.18), ((4, 3, 2), 0.12)]","{1: 1.0, 2: 1.0, 3: 1.0, 4: 1.0000000000000002}",1.0,1.0,1.815,1.38666,1.146,21.2,78.8,-0.20579837455567584,0.4399999999999999
0.45,"[(1, 3.1), (2, 1.95), (3, 0.6), (4, 0.4)]",0.3,0.236,"[(1, 0.9299999999999999), (2, 0.585), (3, 0.18), (4, 0.12)]","[(1, 0.38), (2, 0.76), (3, 1.14), (4, 1.52), (5, 1.9), (6, 2.28)]",0.2,0.25,550000,10,10,0.5,0.1,0.25,0.6,13500,"[(1, 4000), (2, 4000), (3, 4000), (4, 4000), (5, 4000), (6, 4000), (7, 4000)]","[(1, 4000), (2, 4000)]","[(1, 20), (2, 30), (3, 40), (4, 50), (5, 60), (6, 70)]",1.21,optimal,325361.2,1215369.4,953328.8,262040.6,280000.0,246046.2,249562.5,114399.4,"[((3, 4), 1.0)]","[((2, 1), 1.0)]","[((1, 3, 2), 0.9299999999999999), ((2, 3, 2), 0.585), ((3, 3, 2), 0.18), ((4, 3, 2), 0.12)]","{1: 1.0, 2: 1.0, 3: 1.0, 4: 1.0000000000000002}",1.0,1.0,1.815,1.38666,1.146,21.6,78.4,-0.1714988048694239,0.4499999570677257
0.46,"[(1, 3.1), (2, 1.95), (3, 0.6), (4, 0.4)]",0.3,0.236,"[(1, 0.9299999999999999), (2, 0.585), (3, 0.18), (4, 0.12)]","[(1, 0.38), (2, 0.76), (3, 1.14), (4, 1.52), (5, 1.9), (6, 2.28)]",0.2,0.25,550000,10,10,0.5,0.1,0.25,0.6,13500,"[(1, 4000), (2, 4000), (3, 4000), (4, 4000), (5, 4000), (6, 4000), (7, 4000)]","[(1, 4000), (2, 4000)]","[(1, 20), (2, 30), (3, 40), (4, 50), (5, 60), (6, 70)]",1.21,optimal,331184.4,1221192.5,953328.8,267863.7,280000.0,246046.2,249562.5,114399.4,"[((3, 4), 1.0)]","[((2, 1), 1.0)]","[((1, 3, 2), 0.9299999999999999), ((2, 3, 2), 0.585), ((3, 3, 2), 0.18), ((4, 3, 2), 0.12)]","{1: 1.0, 2: 1.0, 3: 1.0, 4: 1.0000000000000002}",1.0,1.0,1.815,1.38666,1.146,21.9,78.1,-0.1371986461572291,0.4600000858645487
0.47,"[(1, 3.1), (2, 1.95), (3, 0.6), (4, 0.4)]",0.3,0.236,"[(1, 0.9299999999999999), (2, 0.585), (3, 0.18), (4, 0.12)]","[(1, 0.38), (2, 0.76), (3, 1.14), (4, 1.52), (5, 1.9), (6, 2.28)]",0.2,0.25,550000,10,10,0.5,0.1,0.25,0.6,13500,"[(1, 4000), (2, 4000), (3, 4000), (4, 4000), (5, 4000), (6, 4000), (7, 4000)]","[(1, 4000), (2, 4000)]","[(1, 20), (2, 30), (3, 40), (4, 50), (5, 60), (6, 70)]",1.21,optimal,337007.5,1227015.6,953328.8,273686.8,280000.0,246046.2,249562.5,114399.4,"[((3, 4), 1.0)]","[((2, 1), 1.0)]","[((1, 3, 2), 0.9299999999999999), ((2, 3, 2), 0.585), ((3, 3, 2), 0.18), ((4, 3, 2), 0.12)]","{1: 1.0, 2: 1.0, 3: 1.0, 4: 1.0000000000000002}",1.0,1.0,1.815,1.38666,1.146,22.3,77.7,-0.1028990764709775,0.4700000429322743
0.48,"[(1, 3.1), (2, 1.95), (3, 0.6), (4, 0.4)]",0.3,0.236,"[(1, 0.9299999999999999), (2, 0.585), (3, 0.18), (4, 0.12)]","[(1, 0.38), (2, 0.76), (3, 1.14), (4, 1.52), (5, 1.9), (6, 2.28)]",0.2,0.25,550000,10,10,0.5,0.1,0.25,0.6,13500,"[(1, 4000), (2, 4000), (3, 4000), (4, 4000), (5, 4000), (6, 4000), (7, 4000)]","[(1, 4000), (2, 4000)]","[(1, 20), (2, 30), (3, 40), (4, 50), (5, 60), (6, 70)]",1.21,optimal,342830.6,1232838.8,953328.8,279509.9,280000.0,246046.2,249562.5,114399.4,"[((3, 4), 1.0)]","[((2, 1), 1.0)]","[((1, 3, 2), 0.9299999999999999), ((2, 3, 2), 0.585), ((3, 3, 2), 0.18), ((4, 3, 2), 0.12)]","{1: 1.0, 2: 1.0, 3: 1.0, 4: 1.0000000000000002}",1.0,1.0,1.815,1.38666,1.146,22.7,77.3,-0.0685995067847259,0.4799999999999999
0.49,"[(1, 3.1), (2, 1.95), (3, 0.6), (4, 0.4)]",0.3,0.236,"[(1, 0.9299999999999999), (2, 0.585), (3, 0.18), (4, 0.12)]","[(1, 0.38), (2, 0.76), (3, 1.14), (4, 1.52), (5, 1.9), (6, 2.28)]",0.2,0.25,550000,10,10,0.5,0.1,0.25,0.6,13500,"[(1, 4000), (2, 4000), (3, 4000), (4, 4000), (5, 4000), (6, 4000), (7, 4000)]","[(1, 4000), (2, 4000)]","[(1, 20), (2, 30), (3, 40), (4, 50), (5, 60), (6, 70)]",1.21,optimal,348653.7,1238661.9,953328.8,285333.1,280000.0,246046.2,249562.5,114399.4,"[((3, 4), 1.0)]","[((2, 1), 1.0)]","[((1, 3, 2), 0.9299999999999999), ((2, 3, 2), 0.585), ((3, 3, 2), 0.18), ((4, 3, 2), 0.12)]","{1: 1.0, 2: 1.0, 3: 1.0, 4: 1.0000000000000002}",1.0,1.0,1.815,1.38666,1.146,23.0,77.0,-0.034299937098473954,0.48999995706772564
0.5,"[(1, 3.1), (2, 1.95), (3, 0.6), (4, 0.4)]",0.3,0.236,"[(1, 0.9299999999999999), (2, 0.585), (3, 0.18), (4, 0.12)]","[(1, 0.38), (2, 0.76), (3, 1.14), (4, 1.52), (5, 1.9), (6, 2.28)]",0.2,0.25,550000,10,10,0.5,0.1,0.25,0.6,13500,"[(1, 4000), (2, 4000), (3, 4000), (4, 4000), (5, 4000), (6, 4000), (7, 4000)]","[(1, 4000), (2, 4000)]","[(1, 20), (2, 30), (3, 40), (4, 50), (5, 60), (6, 70)]",1.21,optimal,354476.9,1244485.0,953328.8,291156.2,280000.0,246046.2,249562.5,114399.4,"[((3, 4), 1.0)]","[((2, 1), 1.0)]","[((1, 3, 2), 0.9299999999999999), ((2, 3, 2), 0.585), ((3, 3, 2), 0.18), ((4, 3, 2), 0.12)]","{1: 1.0, 2: 1.0, 3: 1.0, 4: 1.0000000000000002}",1.0,1.0,1.815,1.38666,1.146,23.4,76.6,2.2161372083912892e-07,0.5000000858645488
0.51,"[(1, 3.1), (2, 1.95), (3, 0.6), (4, 0.4)]",0.3,0.236,"[(1, 0.9299999999999999), (2, 0.585), (3, 0.18), (4, 0.12)]","[(1, 0.38), (2, 0.76), (3, 1.14), (4, 1.52), (5, 1.9), (6, 2.28)]",0.2,0.25,550000,10,10,0.5,0.1,0.25,0.6,13500,"[(1, 4000), (2, 4000), (3, 4000), (4, 4000), (5, 4000), (6, 4000), (7, 4000)]","[(1, 4000), (2, 4000)]","[(1, 20), (2, 30), (3, 40), (4, 50), (5, 60), (6, 70)]",1.21,optimal,360300.0,1250308.1,953328.8,296979.3,280000.0,246046.2,249562.5,114399.4,"[((3, 4), 1.0)]","[((2, 1), 1.0)]","[((1, 3, 2), 0.9299999999999999), ((2, 3, 2), 0.585), ((3, 3, 2), 0.18), ((4, 3, 2), 0.12)]","{1: 1.0, 2: 1.0, 3: 1.0, 4: 1.0000000000000002}",1.0,1.0,1.815,1.38666,1.146,23.8,76.2,0.03429979129997244,0.5100000429322744
0.52,"[(1, 3.1), (2, 1.95), (3, 0.6), (4, 0.4)]",0.3,0.236,"[(1, 0.9299999999999999), (2, 0.585), (3, 0.18), (4, 0.12)]","[(1, 0.38), (2, 0.76), (3, 1.14), (4, 1.52), (5, 1.9), (6, 2.28)]",0.2,0.25,550000,10,10,0.5,0.1,0.25,0.6,13500,"[(1, 4000), (2, 4000), (3, 4000), (4, 4000), (5, 4000), (6, 4000), (7, 4000)]","[(1, 4000), (2, 4000)]","[(1, 20), (2, 30), (3, 40), (4, 50), (5, 60), (6, 70)]",1.21,optimal,366123.1,1256131.2,953328.8,302802.4,280000.0,246046.2,249562.5,114399.4,"[((3, 4), 1.0)]","[((2, 1), 1.0)]","[((1, 3, 2), 0.9299999999999999), ((2, 3, 2), 0.585), ((3, 3, 2), 0.18), ((4, 3, 2), 0.12)]","{1: 1.0, 2: 1.0, 3: 1.0, 4: 1.0000000000000002}",1.0,1.0,1.815,1.38666,1.146,24.1,75.9,0.06859936098622404,0.52
0.53,"[(1, 3.1), (2, 1.95), (3, 0.6), (4, 0.4)]",0.3,0.236,"[(1, 0.9299999999999999), (2, 0.585), (3, 0.18), (4, 0.12)]","[(1, 0.38), (2, 0.76), (3, 1.14), (4, 1.52), (5, 1.9), (6, 2.28)]",0.2,0.25,550000,10,10,0.5,0.1,0.25,0.6,13500,"[(1, 4000), (2, 4000), (3, 4000), (4, 4000), (5, 4000), (6, 4000), (7, 4000)]","[(1, 4000), (2, 4000)]","[(1, 20), (2, 30), (3, 40), (4, 50), (5, 60), (6, 70)]",1.21,optimal,371946.2,1261954.4,953328.8,308625.6,280000.0,246046.2,249562.5,114399.4,"[((3, 4), 1.0)]","[((2, 1), 1.0)]","[((1, 3, 2), 0.9299999999999999), ((2, 3, 2), 0.585), ((3, 3, 2), 0.18), ((4, 3, 2), 0.12)]","{1: 1.0, 2: 1.0, 3: 1.0, 4: 1.0000000000000002}",1.0,1.0,1.815,1.38666,1.146,24.5,75.5,0.10289893067247598,0.5299999570677257
0.54,"[(1, 3.1), (2, 1.95), (3, 0.6), (4, 0.4)]",0.3,0.236,"[(1, 0.9299999999999999), (2, 0.585), (3, 0.18), (4, 0.12)]","[(1, 0.38), (2, 0.76), (3, 1.14), (4, 1.52), (5, 1.9), (6, 2.28)]",0.2,0.25,550000,10,10,0.5,0.1,0.25,0.6,13500,"[(1, 4000), (2, 4000), (3, 4000), (4, 4000), (5, 4000), (6, 4000), (7, 4000)]","[(1, 4000), (2, 4000)]","[(1, 20), (2, 30), (3, 40), (4, 50), (5, 60), (6, 70)]",1.21,optimal,377769.4,1267777.5,953328.8,314448.7,280000.0,246046.2,249562.5,114399.4,"[((3, 4), 1.0)]","[((2, 1), 1.0)]","[((1, 3, 2), 0.9299999999999999), ((2, 3, 2), 0.585), ((3, 3, 2), 0.18), ((4, 3, 2), 0.12)]","{1: 1.0, 2: 1.0, 3: 1.0, 4: 1.0000000000000002}",1.0,1.0,1.815,1.38666,1.146,24.8,75.2,0.1371990893846708,0.5400000858645487
0.55,"[(1, 3.1), (2, 1.95), (3, 0.6), (4, 0.4)]",0.3,0.236,"[(1, 0.9299999999999999), (2, 0.585), (3, 0.18), (4, 0.12)]","[(1, 0.38), (2, 0.76), (3, 1.14), (4, 1.52), (5, 1.9), (6, 2.28)]",0.2,0.25,550000,10,10,0.5,0.1,0.25,0.6,13500,"[(1, 4000), (2, 4000), (3, 4000), (4, 4000), (5, 4000), (6, 4000), (7, 4000)]","[(1, 4000), (2, 4000)]","[(1, 20), (2, 30), (3, 40), (4, 50), (5, 60), (6, 70)]",1.21,optimal,383592.5,1273600.6,953328.8,320271.8,280000.0,246046.2,249562.5,114399.4,"[((3, 4), 1.0)]","[((2, 1), 1.0)]","[((1, 3, 2), 0.9299999999999999), ((2, 3, 2), 0.585), ((3, 3, 2), 0.18), ((4, 3, 2), 0.12)]","{1: 1.0, 2: 1.0, 3: 1.0, 4: 1.0000000000000002}",1.0,1.0,1.815,1.38666,1.146,25.1,74.9,0.17149865907092238,0.5500000429322743
0.56,"[(1, 3.1), (2, 1.95), (3, 0.6), (4, 0.4)]",0.3,0.236,"[(1, 0.9299999999999999), (2, 0.585), (3, 0.18), (4, 0.12)]","[(1, 0.38), (2, 0.76), (3, 1.14), (4, 1.52), (5, 1.9), (6, 2.28)]",0.2,0.25,550000,10,10,0.5,0.1,0.25,0.6,13500,"[(1, 4000), (2, 4000), (3, 4000), (4, 4000), (5, 4000), (6, 4000), (7, 4000)]","[(1, 4000), (2, 4000)]","[(1, 20), (2, 30), (3, 40), (4, 50), (5, 60), (6, 70)]",1.21,optimal,389415.6,1279423.8,953328.8,326094.9,280000.0,246046.2,249562.5,114399.4,"[((3, 4), 1.0)]","[((2, 1), 1.0)]","[((1, 3, 2), 0.9299999999999999), ((2, 3, 2), 0.585), ((3, 3, 2), 0.18), ((4, 3, 2), 0.12)]","{1: 1.0, 2: 1.0, 3: 1.0, 4: 1.0000000000000002}",1.0,1.0,1.815,1.38666,1.146,25.5,74.5,0.205798228757174,0.56
0.57,"[(1, 3.1), (2, 1.95), (3, 0.6), (4, 0.4)]",0.3,0.236,"[(1, 0.9299999999999999), (2, 0.585), (3, 0.18), (4, 0.12)]","[(1, 0.38), (2, 0.76), (3, 1.14), (4, 1.52), (5, 1.9), (6, 2.28)]",0.2,0.25,550000,10,10,0.5,0.1,0.25,0.6,13500,"[(1, 4000), (2, 4000), (3, 4000), (4, 4000), (5, 4000), (6, 4000), (7, 4000)]","[(1, 4000), (2, 4000)]","[(1, 20), (2, 30), (3, 40), (4, 50), (5, 60), (6, 70)]",1.21,optimal,395238.7,1285246.9,953328.8,331918.1,280000.0,246046.2,249562.5,114399.4,"[((3, 4), 1.0)]","[((2, 1), 1.0)]","[((1, 3, 2), 0.9299999999999999), ((2, 3, 2), 0.585), ((3, 3, 2), 0.18), ((4, 3, 2), 0.12)]","{1: 1.0, 2: 1.0, 3: 1.0, 4: 1.0000000000000002}",1.0,1.0,1.815,1.38666,1.146,25.8,74.2,0.24009779844342594,0.5699999570677258
0.58,"[(1, 3.1), (2, 1.95), (3, 0.6), (4, 0.4)]",0.3,0.236,"[(1, 0.9299999999999999), (2, 0.585), (3, 0.18), (4, 0.12)]","[(1, 0.38), (2, 0.76), (3, 1.14), (4, 1.52), (5, 1.9), (6, 2.28)]",0.2,0.25,550000,10,10,0.5,0.1,0.25,0.6,13500,"[(1, 4000), (2, 4000), (3, 4000), (4, 4000), (5, 4000), (6, 4000), (7, 4000)]","[(1, 4000), (2, 4000)]","[(1, 20), (2, 30), (3, 40), (4, 50), (5, 60), (6, 70)]",1.21,optimal,401061.9,1291070.0,953328.8,337741.2,280000.0,246046.2,249562.5,114399.4,"[((3, 4), 1.0)]","[((2, 1), 1.0)]","[((1, 3, 2), 0.9299999999999999), ((2, 3, 2), 0.585), ((3, 3, 2), 0.18), ((4, 3, 2), 0.12)]","{1: 1.0, 2: 1.0, 3: 1.0, 4: 1.0000000000000002}",1.0,1.0,1.815,1.38666,1.146,26.2,73.8,0.2743979571556207,0.5800000858645488
0.59,"[(1, 3.1), (2, 1.95), (3, 0.6), (4, 0.4)]",0.3,0.236,"[(1, 0.9299999999999999), (2, 0.585), (3, 0.18), (4, 0.12)]","[(1, 0.38), (2, 0.76), (3, 1.14), (4, 1.52), (5, 1.9), (6, 2.28)]",0.2,0.25,550000,10,10,0.5,0.1,0.25,0.6,13500,"[(1, 4000), (2, 4000), (3, 4000), (4, 4000), (5, 4000), (6, 4000), (7, 4000)]","[(1, 4000), (2, 4000)]","[(1, 20), (2, 30), (3, 40), (4, 50), (5, 60), (6, 70)]",1.21,optimal,406885.0,1296893.1,953328.8,343564.3,280000.0,246046.2,249562.5,114399.4,"[((3, 4), 1.0)]","[((2, 1), 1.0)]","[((1, 3, 2), 0.9299999999999999), ((2, 3, 2), 0.585), ((3, 3, 2), 0.18), ((4, 3, 2), 0.12)]","{1: 1.0, 2: 1.0, 3: 1.0, 4: 1.0000000000000002}",1.0,1.0,1.815,1.38666,1.146,26.5,73.5,0.3086975268418723,0.5900000429322744
0.6,"[(1, 3.1), (2, 1.95), (3, 0.6), (4, 0.4)]",0.3,0.236,"[(1, 0.9299999999999999), (2, 0.585), (3, 0.18), (4, 0.12)]","[(1, 0.38), (2, 0.76), (3, 1.14), (4, 1.52), (5, 1.9), (6, 2.28)]",0.2,0.25,550000,10,10,0.5,0.1,0.25,0.6,13500,"[(1, 4000), (2, 4000), (3, 4000), (4, 4000), (5, 4000), (6, 4000), (7, 4000)]","[(1, 4000), (2, 4000)]","[(1, 20), (2, 30), (3, 40), (4, 50), (5, 60), (6, 70)]",1.21,optimal,412708.1,1302716.2,953328.8,349387.4,280000.0,246046.2,249562.5,114399.4,"[((3, 4), 1.0)]","[((2, 1), 1.0)]","[((1, 3, 2), 0.9299999999999999), ((2, 3, 2), 0.585), ((3, 3, 2), 0.18), ((4, 3, 2), 0.12)]","{1: 1.0, 2: 1.0, 3: 1.0, 4: 1.0000000000000002}",1.0,1.0,1.815,1.38666,1.146,26.8,73.2,0.34299709652812393,0.6
0.61,"[(1, 3.1), (2, 1.95), (3, 0.6), (4, 0.4)]",0.3,0.236,"[(1, 0.9299999999999999), (2, 0.585), (3, 0.18), (4, 0.12)]","[(1, 0.38), (2, 0.76), (3, 1.14), (4, 1.52), (5, 1.9), (6, 2.28)]",0.2,0.25,550000,10,10,0.5,0.1,0.25,0.6,13500,"[(1, 4000), (2, 4000), (3, 4000), (4, 4000), (5, 4000), (6, 4000), (7, 4000)]","[(1, 4000), (2, 4000)]","[(1, 20), (2, 30), (3, 40), (4, 50), (5, 60), (6, 70)]",1.21,optimal,418531.2,1308539.4,953328.8,355210.6,280000.0,246046.2,249562.5,114399.4,"[((3, 4), 1.0)]","[((2, 1), 1.0)]","[((1, 3, 2), 0.9299999999999999), ((2, 3, 2), 0.585), ((3, 3, 2), 0.18), ((4, 3, 2), 0.12)]","{1: 1.0, 2: 1.0, 3: 1.0, 4: 1.0000000000000002}",1.0,1.0,1.815,1.38666,1.146,27.1,72.9,0.37729666621437585,0.6099999570677257
0.62,"[(1, 3.1), (2, 1.95), (3, 0.6), (4, 0.4)]",0.3,0.236,"[(1, 0.9299999999999999), (2, 0.585), (3, 0.18), (4, 0.12)]","[(1, 0.38), (2, 0.76), (3, 1.14), (4, 1.52), (5, 1.9), (6, 2.28)]",0.2,0.25,550000,10,10,0.5,0.1,0.25,0.6,13500,"[(1, 4000), (2, 4000), (3, 4000), (4, 4000), (5, 4000), (6, 4000), (7, 4000)]","[(1, 4000), (2, 4000)]","[(1, 20), (2, 30), (3, 40), (4, 50), (5, 60), (6, 70)]",1.21,optimal,424354.4,1314362.5,953328.8,361033.7,280000.0,246046.2,249562.5,114399.4,"[((3, 4), 1.0)]","[((2, 1), 1.0)]","[((1, 3, 2), 0.9299999999999999), ((2, 3, 2), 0.585), ((3, 3, 2), 0.18), ((4, 3, 2), 0.12)]","{1: 1.0, 2: 1.0, 3: 1.0, 4: 1.0000000000000002}",1.0,1.0,1.815,1.38666,1.146,27.5,72.5,0.4115968249265707,0.6200000858645488
0.63,"[(1, 3.1), (2, 1.95), (3, 0.6), (4, 0.4)]",0.3,0.236,"[(1, 0.9299999999999999), (2, 0.585), (3, 0.18), (4, 0.12)]","[(1, 0.38), (2, 0.76), (3, 1.14), (4, 1.52), (5, 1.9), (6, 2.28)]",0.2,0.25,550000,10,10,0.5,0.1,0.25,0.6,13500,"[(1, 4000), (2, 4000), (3, 4000), (4, 4000), (5, 4000), (6, 4000), (7, 4000)]","[(1, 4000), (2, 4000)]","[(1, 20), (2, 30), (3, 40), (4, 50), (5, 60), (6, 70)]",1.21,optimal,430177.5,1320185.6,953328.8,366856.8,280000.0,246046.2,249562.5,114399.4,"[((3, 4), 1.0)]","[((2, 1), 1.0)]","[((1, 3, 2), 0.9299999999999999), ((2, 3, 2), 0.585), ((3, 3, 2), 0.18), ((4, 3, 2), 0.12)]","{1: 1.0, 2: 1.0, 3: 1.0, 4: 1.0000000000000002}",1.0,1.0,1.815,1.38666,1.146,27.8,72.2,0.44589639461282227,0.6300000429322744
0.64,"[(1, 3.1), (2, 1.95), (3, 0.6), (4, 0.4)]",0.3,0.236,"[(1, 0.9299999999999999), (2, 0.585), (3, 0.18), (4, 0.12)]","[(1, 0.38), (2, 0.76), (3, 1.14), (4, 1.52), (5, 1.9), (6, 2.28)]",0.2,0.25,550000,10,10,0.5,0.1,0.25,0.6,13500,"[(1, 4000), (2, 4000), (3, 4000), (4, 4000), (5, 4000), (6, 4000), (7, 4000)]","[(1, 4000), (2, 4000)]","[(1, 20), (2, 30), (3, 40), (4, 50), (5, 60), (6, 70)]",1.21,optimal,436000.6,1326008.8,953328.8,372679.9,280000.0,246046.2,249562.5,114399.4,"[((3, 4), 1.0)]","[((2, 1), 1.0)]","[((1, 3, 2), 0.9299999999999999), ((2, 3, 2), 0.585), ((3, 3, 2), 0.18), ((4, 3, 2), 0.12)]","{1: 1.0, 2: 1.0, 3: 1.0, 4: 1.0000000000000002}",1.0,1.0,1.815,1.38666,1.146,28.1,71.9,0.48019596429907385,0.64
0.65,"[(1, 3.1), (2, 1.95), (3, 0.6), (4, 0.4)]",0.3,0.236,"[(1, 0.9299999999999999), (2, 0.585), (3, 0.18), (4, 0.12)]","[(1, 0.38), (2, 0.76), (3, 1.14), (4, 1.52), (5, 1.9), (6, 2.28)]",0.2,0.25,550000,10,10,0.5,0.1,0.25,0.6,13500,"[(1, 4000), (2, 4000), (3, 4000), (4, 4000), (5, 4000), (6, 4000), (7, 4000)]","[(1, 4000), (2, 4000)]","[(1, 20), (2, 30), (3, 40), (4, 50), (5, 60), (6, 70)]",1.21,optimal,441823.7,1331831.9,953328.8,378503.1,280000.0,246046.2,249562.5,114399.4,"[((3, 4), 1.0)]","[((2, 1), 1.0)]","[((1, 3, 2), 0.9299999999999999), ((2, 3, 2), 0.585), ((3, 3, 2), 0.18), ((4, 3, 2), 0.12)]","{1: 1.0, 2: 1.0, 3: 1.0, 4: 1.0000000000000002}",1.0,1.0,1.815,1.38666,1.146,28.4,71.6,0.5144955339853258,0.6499999570677257
0.66,"[(1, 3.1), (2, 1.95), (3, 0.6), (4, 0.4)]",0.3,0.236,"[(1, 0.9299999999999999), (2, 0.585), (3, 0.18), (4, 0.12)]","[(1, 0.38), (2, 0.76), (3, 1.14), (4, 1.52), (5, 1.9), (6, 2.28)]",0.2,0.25,550000,10,10,0.5,0.1,0.25,0.6,13500,"[(1, 4000), (2, 4000), (3, 4000), (4, 4000), (5, 4000), (6, 4000), (7, 4000)]","[(1, 4000), (2, 4000)]","[(1, 20), (2, 30), (3, 40), (4, 50), (5, 60), (6, 70)]",1.21,optimal,447646.9,1337655.0,953328.8,384326.2,280000.0,246046.2,249562.5,114399.4,"[((3, 4), 1.0)]","[((2, 1), 1.0)]","[((1, 3, 2), 0.9299999999999999), ((2, 3, 2), 0.585), ((3, 3, 2), 0.18), ((4, 3, 2), 0.12)]","{1: 1.0, 2: 1.0, 3: 1.0, 4: 1.0000000000000002}",1.0,1.0,1.815,1.38666,1.146,28.7,71.3,0.5487956926975206,0.6600000858645487
0.67,"[(1, 3.1), (2, 1.95), (3, 0.6), (4, 0.4)]",0.3,0.236,"[(1, 0.9299999999999999), (2, 0.585), (3, 0.18), (4, 0.12)]","[(1, 0.38), (2, 0.76), (3, 1.14), (4, 1.52), (5, 1.9), (6, 2.28)]",0.2,0.25,550000,10,10,0.5,0.1,0.25,0.6,13500,"[(1, 4000), (2, 4000), (3, 4000), (4, 4000), (5, 4000), (6, 4000), (7, 4000)]","[(1, 4000), (2, 4000)]","[(1, 20), (2, 30), (3, 40), (4, 50), (5, 60), (6, 70)]",1.21,optimal,453470.0,1343478.1,953328.8,390149.3,280000.0,246046.2,249562.5,114399.4,"[((3, 4), 1.0)]","[((2, 1), 1.0)]","[((1, 3, 2), 0.9299999999999999), ((2, 3, 2), 0.585), ((3, 3, 2), 0.18), ((4, 3, 2), 0.12)]","{1: 1.0, 2: 1.0, 3: 1.0, 4: 1.0000000000000002}",1.0,1.0,1.815,1.38666,1.146,29.0,71.0,0.5830952623837722,0.6700000429322743
0.68,"[(1, 3.1), (2, 1.95), (3, 0.6), (4, 0.4)]",0.3,0.236,"[(1, 0.9299999999999999), (2, 0.585), (3, 0.18), (4, 0.12)]","[(1, 0.38), (2, 0.76), (3, 1.14), (4, 1.52), (5, 1.9), (6, 2.28)]",0.2,0.25,550000,10,10,0.5,0.1,0.25,0.6,13500,"[(1, 4000), (2, 4000), (3, 4000), (4, 4000), (5, 4000), (6, 4000), (7, 4000)]","[(1, 4000), (2, 4000)]","[(1, 20), (2, 30), (3, 40), (4, 50), (5, 60), (6, 70)]",1.21,optimal,459293.1,1349301.2,953328.8,395972.4,280000.0,246046.2,249562.5,114399.4,"[((3, 4), 1.0)]","[((2, 1), 1.0)]","[((1, 3, 2), 0.9299999999999999), ((2, 3, 2), 0.585), ((3, 3, 2), 0.18), ((4, 3, 2), 0.12)]","{1: 1.0, 2: 1.0, 3: 1.0, 4: 1.0000000000000002}",1.0,1.0,1.815,1.38666,1.146,29.3,70.7,0.6173948320700238,0.68
0.69,"[(1, 3.1), (2, 1.95), (3, 0.6), (4, 0.4)]",0.3,0.236,"[(1, 0.9299999999999999), (2, 0.585), (3, 0.18), (4, 0.12)]","[(1, 0.38), (2, 0.76), (3, 1.14), (4, 1.52), (5, 1.9), (6, 2.28)]",0.2,0.25,550000,10,10,0.5,0.1,0.25,0.6,13500,"[(1, 4000), (2, 4000), (3, 4000), (4, 4000), (5, 4000), (6, 4000), (7, 4000)]","[(1, 4000), (2, 4000)]","[(1, 20), (2, 30), (3, 40), (4, 50), (5, 60), (6, 70)]",1.21,optimal,465116.2,1355124.4,953328.8,401795.6,280000.0,246046.2,249562.5,114399.4,"[((3, 4), 1.0)]","[((2, 1), 1.0)]","[((1, 3, 2), 0.9299999999999999), ((2, 3, 2), 0.585), ((3, 3, 2), 0.18), ((4, 3, 2), 0.12)]","{1: 1.0, 2: 1.0, 3: 1.0, 4: 1.0000000000000002}",1.0,1.0,1.815,1.38666,1.146,29.7,70.3,0.6516944017562758,0.6899999570677258
0.7,"[(1, 3.1), (2, 1.95), (3, 0.6), (4, 0.4)]",0.3,0.236,"[(1, 0.9299999999999999), (2, 0.585), (3, 0.18), (4, 0.12)]","[(1, 0.38), (2, 0.76), (3, 1.14), (4, 1.52), (5, 1.9), (6, 2.28)]",0.2,0.25,550000,10,10,0.5,0.1,0.25,0.6,13500,"[(1, 4000), (2, 4000), (3, 4000), (4, 4000), (5, 4000), (6, 4000), (7, 4000)]","[(1, 4000), (2, 4000)]","[(1, 20), (2, 30), (3, 40), (4, 50), (5, 60), (6, 70)]",1.21,optimal,470939.4,1360947.5,953328.8,407618.7,280000.0,246046.2,249562.5,114399.4,"[((3, 4), 1.0)]","[((2, 1), 1.0)]","[((1, 3, 2), 0.9299999999999999), ((2, 3, 2), 0.585), ((3, 3, 2), 0.18), ((4, 3, 2), 0.12)]","{1: 1.0, 2: 1.0, 3: 1.0, 4: 1.0000000000000002}",1.0,1.0,1.815,1.38666,1.146,30.0,70.0,0.6859945604684705,0.7000000858645488
0.71,"[(1, 3.1), (2, 1.95), (3, 0.6), (4, 0.4)]",0.3,0.236,"[(1, 0.9299999999999999), (2, 0.585), (3, 0.18), (4, 0.12)]","[(1, 0.38), (2, 0.76), (3, 1.14), (4, 1.52), (5, 1.9), (6, 2.28)]",0.2,0.25,550000,10,10,0.5,0.1,0.25,0.6,13500,"[(1, 4000), (2, 4000), (3, 4000), (4, 4000), (5, 4000), (6, 4000), (7, 4000)]","[(1, 4000), (2, 4000)]","[(1, 20), (2, 30), (3, 40), (4, 50), (5, 60), (6, 70)]",1.21,optimal,476762.5,1366770.6,953328.8,413441.8,280000.0,246046.2,249562.5,114399.4,"[((3, 4), 1.0)]","[((2, 1), 1.0)]","[((1, 3, 2), 0.9299999999999999), ((2, 3, 2), 0.585), ((3, 3, 2), 0.18), ((4, 3, 2), 0.12)]","{1: 1.0, 2: 1.0, 3: 1.0, 4: 1.0000000000000002}",1.0,1.0,1.815,1.38666,1.146,30.2,69.8,0.7202941301547221,0.7100000429322744
0.72,"[(1, 3.1), (2, 1.95), (3, 0.6), (4, 0.4)]",0.3,0.236,"[(1, 0.9299999999999999), (2, 0.585), (3, 0.18), (4, 0.12)]","[(1, 0.38), (2, 0.76), (3, 1.14), (4, 1.52), (5, 1.9), (6, 2.28)]",0.2,0.25,550000,10,10,0.5,0.1,0.25,0.6,13500,"[(1, 4000), (2, 4000), (3, 4000), (4, 4000), (5, 4000), (6, 4000), (7, 4000)]","[(1, 4000), (2, 4000)]","[(1, 20), (2, 30), (3, 40), (4, 50), (5, 60), (6, 70)]",1.21,optimal,482585.6,1372593.8,953328.8,419264.9,280000.0,246046.2,249562.5,114399.4,"[((3, 4), 1.0)]","[((2, 1), 1.0)]","[((1, 3, 2), 0.9299999999999999), ((2, 3, 2), 0.585), ((3, 3, 2), 0.18), ((4, 3, 2), 0.12)]","{1: 1.0, 2: 1.0, 3: 1.0, 4: 1.0000000000000002}",1.0,1.0,1.815,1.38666,1.146,30.5,69.5,0.7545936998409738,0.72
0.73,"[(1, 3.1), (2, 1.95), (3, 0.6), (4, 0.4)]",0.3,0.236,"[(1, 0.9299999999999999), (2, 0.585), (3, 0.18), (4, 0.12)]","[(1, 0.38), (2, 0.76), (3, 1.14), (4, 1.52), (5, 1.9), (6, 2.28)]",0.2,0.25,550000,10,10,0.5,0.1,0.25,0.6,13500,"[(1, 4000), (2, 4000), (3, 4000), (4, 4000), (5, 4000), (6, 4000), (7, 4000)]","[(1, 4000), (2, 4000)]","[(1, 20), (2, 30), (3, 40), (4, 50), (5, 60), (6, 70)]",1.21,optimal,488408.7,1378416.9,953328.8,425088.1,280000.0,246046.2,249562.5,114399.4,"[((3, 4), 1.0)]","[((2, 1), 1.0)]","[((1, 3, 2), 0.9299999999999999), ((2, 3, 2), 0.585), ((3, 3, 2), 0.18), ((4, 3, 2), 0.12)]","{1: 1.0, 2: 1.0, 3: 1.0, 4: 1.0000000000000002}",1.0,1.0,1.815,1.38666,1.146,30.8,69.2,0.7888932695272257,0.7299999570677257
0.74,"[(1, 3.1), (2, 1.95), (3, 0.6), (4, 0.4)]",0.3,0.236,"[(1, 0.9299999999999999), (2, 0.585), (3, 0.18), (4, 0.12)]","[(1, 0.38), (2, 0.76), (3, 1.14), (4, 1.52), (5, 1.9), (6, 2.28)]",0.2,0.25,550000,10,10,0.5,0.1,0.25,0.6,13500,"[(1, 4000), (2, 4000), (3, 4000), (4, 4000), (5, 4000), (6, 4000), (7, 4000)]","[(1, 4000), (2, 4000)]","[(1, 20), (2, 30), (3, 40), (4, 50), (5, 60), (6, 70)]",1.21,optimal,494231.9,1384240.0,953328.8,430911.2,280000.0,246046.2,249562.5,114399.4,"[((3, 4), 1.0)]","[((2, 1), 1.0)]","[((1, 3, 2), 0.9299999999999999), ((2, 3, 2), 0.585), ((3, 3, 2), 0.18), ((4, 3, 2), 0.12)]","{1: 1.0, 2: 1.0, 3: 1.0, 4: 1.0000000000000002}",1.0,1.0,1.815,1.38666,1.146,31.1,68.9,0.8231934282394204,0.7400000858645488
0.75,"[(1, 3.1), (2, 1.95), (3, 0.6), (4, 0.4)]",0.3,0.236,"[(1, 0.9299999999999999), (2, 0.585), (3, 0.18), (4, 0.12)]","[(1, 0.38), (2, 0.76), (3, 1.14), (4, 1.52), (5, 1.9), (6, 2.28)]",0.2,0.25,550000,10,10,0.5,0.1,0.25,0.6,13500,"[(1, 4000), (2, 4000), (3, 4000), (4, 4000), (5, 4000), (6, 4000), (7, 4000)]","[(1, 4000), (2, 4000)]","[(1, 20), (2, 30), (3, 40), (4, 50), (5, 60), (6, 70)]",1.21,optimal,500055.0,1390063.1,953328.8,436734.3,280000.0,246046.2,249562.5,114399.4,"[((3, 4), 1.0)]","[((2, 1), 1.0)]","[((1, 3, 2), 0.9299999999999999), ((2, 3, 2), 0.585), ((3, 3, 2), 0.18), ((4, 3, 2), 0.12)]","{1: 1.0, 2: 1.0, 3: 1.0, 4: 1.0000000000000002}",1.0,1.0,1.815,1.38666,1.146,31.4,68.6,0.8574929979256721,0.7500000429322744
0.76,"[(1, 3.1), (2, 1.95), (3, 0.6), (4, 0.4)]",0.3,0.236,"[(1, 0.9299999999999999), (2, 0.585), (3, 0.18), (4, 0.12)]","[(1, 0.38), (2, 0.76), (3, 1.14), (4, 1.52), (5, 1.9), (6, 2.28)]",0.2,0.25,550000,10,10,0.5,0.1,0.25,0.6,13500,"[(1, 4000), (2, 4000), (3, 4000), (4, 4000), (5, 4000), (6, 4000), (7, 4000)]","[(1, 4000), (2, 4000)]","[(1, 20), (2, 30), (3, 40), (4, 50), (5, 60), (6, 70)]",1.21,optimal,505878.1,1395886.2,953328.8,442557.4,280000.0,246046.2,249562.5,114399.4,"[((3, 4), 1.0)]","[((2, 1), 1.0)]","[((1, 3, 2), 0.9299999999999999), ((2, 3, 2), 0.585), ((3, 3, 2), 0.18), ((4, 3, 2), 0.12)]","{1: 1.0, 2: 1.0, 3: 1.0, 4: 1.0000000000000002}",1.0,1.0,1.815,1.38666,1.146,31.7,68.3,0.8917925676119237,0.76
0.77,"[(1, 3.1), (2, 1.95), (3, 0.6), (4, 0.4)]",0.3,0.236,"[(1, 0.9299999999999999), (2, 0.585), (3, 0.18), (4, 0.12)]","[(1, 0.38), (2, 0.76), (3, 1.14), (4, 1.52), (5, 1.9), (6, 2.28)]",0.2,0.25,550000,10,10,0.5,0.1,0.25,0.6,13500,"[(1, 4000), (2, 4000), (3, 4000), (4, 4000), (5, 4000), (6, 4000), (7, 4000)]","[(1, 4000), (2, 4000)]","[(1, 20), (2, 30), (3, 40), (4, 50), (5, 60), (6, 70)]",1.21,optimal,511701.2,1401709.4,953328.8,448380.6,280000.0,246046.2,249562.5,114399.4,"[((3, 4), 1.0)]","[((2, 1), 1.0)]","[((1, 3, 2), 0.9299999999999999), ((2, 3, 2), 0.585), ((3, 3, 2), 0.18), ((4, 3, 2), 0.12)]","{1: 1.0, 2: 1.0, 3: 1.0, 4: 1.0000000000000002}",1.0,1.0,1.815,1.38666,1.146,32.0,68.0,0.9260921372981756,0.7699999570677257
0.78,"[(1, 3.1), (2, 1.95), (3, 0.6), (4, 0.4)]",0.3,0.236,"[(1, 0.9299999999999999), (2, 0.585), (3, 0.18), (4, 0.12)]","[(1, 0.38), (2, 0.76), (3, 1.14), (4, 1.52), (5, 1.9), (6, 2.28)]",0.2,0.25,550000,10,10,0.5,0.1,0.25,0.6,13500,"[(1, 4000), (2, 4000), (3, 4000), (4, 4000), (5, 4000), (6, 4000), (7, 4000)]","[(1, 4000), (2, 4000)]","[(1, 20), (2, 30), (3, 40), (4, 50), (5, 60), (6, 70)]",1.21,optimal,517524.4,1407532.5,953328.8,454203.7,280000.0,246046.2,249562.5,114399.4,"[((3, 4), 1.0)]","[((2, 1), 1.0)]","[((1, 3, 2), 0.9299999999999999), ((2, 3, 2), 0.585), ((3, 3, 2), 0.18), ((4, 3, 2), 0.12)]","{1: 1.0, 2: 1.0, 3: 1.0, 4: 1.0000000000000002}",1.0,1.0,1.815,1.38666,1.146,32.3,67.7,0.9603922960103705,0.7800000858645487
0.79,"[(1, 3.1), (2, 1.95), (3, 0.6), (4, 0.4)]",0.3,0.236,"[(1, 0.9299999999999999), (2, 0.585), (3, 0.18), (4, 0.12)]","[(1, 0.38), (2, 0.76), (3, 1.14), (4, 1.52), (5, 1.9), (6, 2.28)]",0.2,0.25,550000,10,10,0.5,0.1,0.25,0.6,13500,"[(1, 4000), (2, 4000), (3, 4000), (4, 4000), (5, 4000), (6, 4000), (7, 4000)]","[(1, 4000), (2, 4000)]","[(1, 20), (2, 30), (3, 40), (4, 50), (5, 60), (6, 70)]",1.21,optimal,523347.5,1413355.6,953328.8,460026.8,280000.0,246046.2,249562.5,114399.4,"[((3, 4), 1.0)]","[((2, 1), 1.0)]","[((1, 3, 2), 0.9299999999999999), ((2, 3, 2), 0.585), ((3, 3, 2), 0.18), ((4, 3, 2), 0.12)]","{1: 1.0, 2: 1.0, 3: 1.0, 4: 1.0000000000000002}",1.0,1.0,1.815,1.38666,1.146,32.5,67.5,0.994691865696622,0.7900000429322743
0.8,"[(1, 3.1), (2, 1.95), (3, 0.6), (4, 0.4)]",0.3,0.236,"[(1, 0.9299999999999999), (2, 0.585), (3, 0.18), (4, 0.12)]","[(1, 0.38), (2, 0.76), (3, 1.14), (4, 1.52), (5, 1.9), (6, 2.28)]",0.2,0.25,550000,10,10,0.5,0.1,0.25,0.6,13500,"[(1, 4000), (2, 4000), (3, 4000), (4, 4000), (5, 4000), (6, 4000), (7, 4000)]","[(1, 4000), (2, 4000)]","[(1, 20), (2, 30), (3, 40), (4, 50), (5, 60), (6, 70)]",1.21,optimal,529170.6,1419178.8,953328.8,465849.9,280000.0,246046.2,249562.5,114399.4,"[((3, 4), 1.0)]","[((2, 1), 1.0)]","[((1, 3, 2), 0.9299999999999999), ((2, 3, 2), 0.585), ((3, 3, 2), 0.18), ((4, 3, 2), 0.12)]","{1: 1.0, 2: 1.0, 3: 1.0, 4: 1.0000000000000002}",1.0,1.0,1.815,1.38666,1.146,32.8,67.2,1.0289914353828735,0.8
0.81,"[(1, 3.1), (2, 1.95), (3, 0.6), (4, 0.4)]",0.3,0.236,"[(1, 0.9299999999999999), (2, 0.585), (3, 0.18), (4, 0.12)]","[(1, 0.38), (2, 0.76), (3, 1.14), (4, 1.52), (5, 1.9), (6, 2.28)]",0.2,0.25,550000,10,10,0.5,0.1,0.25,0.6,13500,"[(1, 4000), (2, 4000), (3, 4000), (4, 4000), (5, 4000), (6, 4000), (7, 4000)]","[(1, 4000), (2, 4000)]","[(1, 20), (2, 30), (3, 40), (4, 50), (5, 60), (6, 70)]",1.21,optimal,534993.7,1425001.9,953328.8,471673.1,280000.0,246046.2,249562.5,114399.4,"[((3, 4), 1.0)]","[((2, 1), 1.0)]","[((1, 3, 2), 0.9299999999999999), ((2, 3, 2), 0.585), ((3, 3, 2), 0.18), ((4, 3, 2), 0.12)]","{1: 1.0, 2: 1.0, 3: 1.0, 4: 1.0000000000000002}",1.0,1.0,1.815,1.38666,1.146,33.1,66.9,1.0632910050691253,0.8099999570677257
0.82,"[(1, 3.1), (2, 1.95), (3, 0.6), (4, 0.4)]",0.3,0.236,"[(1, 0.9299999999999999), (2, 0.585), (3, 0.18), (4, 0.12)]","[(1, 0.38), (2, 0.76), (3, 1.14), (4, 1.52), (5, 1.9), (6, 2.28)]",0.2,0.25,550000,10,10,0.5,0.1,0.25,0.6,13500,"[(1, 4000), (2, 4000), (3, 4000), (4, 4000), (5, 4000), (6, 4000), (7, 4000)]","[(1, 4000), (2, 4000)]","[(1, 20), (2, 30), (3, 40), (4, 50), (5, 60), (6, 70)]",1.21,optimal,540816.9,1430825.0,953328.8,477496.2,280000.0,246046.2,249562.5,114399.4,"[((3, 4), 1.0)]","[((2, 1), 1.0)]","[((1, 3, 2), 0.9299999999999999), ((2, 3, 2), 0.585), ((3, 3, 2), 0.18), ((4, 3, 2), 0.12)]","{1: 1.0, 2: 1.0, 3: 1.0, 4: 1.0000000000000002}",1.0,1.0,1.815,1.38666,1.146,33.4,66.6,1.0975911637813203,0.8200000858645488
0.83,"[(1, 3.1), (2, 1.95), (3, 0.6), (4, 0.4)]",0.3,0.236,"[(1, 0.9299999999999999), (2, 0.585), (3, 0.18), (4, 0.12)]","[(1, 0.38), (2, 0.76), (3, 1.14), (4, 1.52), (5, 1.9), (6, 2.28)]",0.2,0.25,550000,10,10,0.5,0.1,0.25,0.6,13500,"[(1, 4000), (2, 4000), (3, 4000), (4, 4000), (5, 4000), (6, 4000), (7, 4000)]","[(1, 4000), (2, 4000)]","[(1, 20), (2, 30), (3, 40), (4, 50), (5, 60), (6, 70)]",1.21,optimal,546640.0,1436648.1,953328.8,483319.3,280000.0,246046.2,249562.5,114399.4,"[((3, 4), 1.0)]","[((2, 1), 1.0)]","[((1, 3, 2), 0.9299999999999999), ((2, 3, 2), 0.585), ((3, 3, 2), 0.18), ((4, 3, 2), 0.12)]","{1: 1.0, 2: 1.0, 3: 1.0, 4: 1.0000000000000002}",1.0,1.0,1.815,1.38666,1.146,33.6,66.4,1.131890733467572,0.8300000429322744
0.84,"[(1, 3.1), (2, 1.95), (3, 0.6), (4, 0.4)]",0.3,0.236,"[(1, 0.9299999999999999), (2, 0.585), (3, 0.18), (4, 0.12)]","[(1, 0.38), (2, 0.76), (3, 1.14), (4, 1.52), (5, 1.9), (6, 2.28)]",0.2,0.25,550000,10,10,0.5,0.1,0.25,0.6,13500,"[(1, 4000), (2, 4000), (3, 4000), (4, 4000), (5, 4000), (6, 4000), (7, 4000)]","[(1, 4000), (2, 4000)]","[(1, 20), (2, 30), (3, 40), (4, 50), (5, 60), (6, 70)]",1.21,optimal,552463.1,1442471.2,953328.8,489142.4,280000.0,246046.2,249562.5,114399.4,"[((3, 4), 1.0)]","[((2, 1), 1.0)]","[((1, 3, 2), 0.9299999999999999), ((2, 3, 2), 0.585), ((3, 3, 2), 0.18), ((4, 3, 2), 0.12)]","{1: 1.0, 2: 1.0, 3: 1.0, 4: 1.0000000000000002}",1.0,1.0,1.815,1.38666,1.146,33.9,66.1,1.1661903031538237,0.84
0.85,"[(1, 3.1), (2, 1.95), (3, 0.6), (4, 0.4)]",0.3,0.236,"[(1, 0.9299999999999999), (2, 0.585), (3, 0.18), (4, 0.12)]","[(1, 0.38), (2, 0.76), (3, 1.14), (4, 1.52), (5, 1.9), (6, 2.28)]",0.2,0.25,550000,10,10,0.5,0.1,0.25,0.6,13500,"[(1, 4000), (2, 4000), (3, 4000), (4, 4000), (5, 4000), (6, 4000), (7, 4000)]","[(1, 4000), (2, 4000)]","[(1, 20), (2, 30), (3, 40), (4, 50), (5, 60), (6, 70)]",1.21,optimal,558286.2,1448294.4,953328.8,494965.6,280000.0,246046.2,249562.5,114399.4,"[((3, 4), 1.0)]","[((2, 1), 1.0)]","[((1, 3, 2), 0.9299999999999999), ((2, 3, 2), 0.585), ((3, 3, 2), 0.18), ((4, 3, 2), 0.12)]","{1: 1.0, 2: 1.0, 3: 1.0, 4: 1.0000000000000002}",1.0,1.0,1.815,1.38666,1.146,34.2,65.8,1.2004898728400752,0.8499999570677256
0.86,"[(1, 3.1), (2, 1.95), (3, 0.6), (4, 0.4)]",0.3,0.236,"[(1, 0.9299999999999999), (2, 0.585), (3, 0.18), (4, 0.12)]","[(1, 0.38), (2, 0.76), (3, 1.14), (4, 1.52), (5, 1.9), (6, 2.28)]",0.2,0.25,550000,10,10,0.5,0.1,0.25,0.6,13500,"[(1, 4000), (2, 4000), (3, 4000), (4, 4000), (5, 4000), (6, 4000), (7, 4000)]","[(1, 4000), (2, 4000)]","[(1, 20), (2, 30), (3, 40), (4, 50), (5, 60), (6, 70)]",1.21,optimal,564109.4,1454117.5,953328.8,500788.7,280000.0,246046.2,249562.5,114399.4,"[((3, 4), 1.0)]","[((2, 1), 1.0)]","[((1, 3, 2), 0.9299999999999999), ((2, 3, 2), 0.585), ((3, 3, 2), 0.18), ((4, 3, 2), 0.12)]","{1: 1.0, 2: 1.0, 3: 1.0, 4: 1.0000000000000002}",1.0,1.0,1.815,1.38666,1.146,34.4,65.6,1.2347900315522704,0.8600000858645488
0.87,"[(1, 3.1), (2, 1.95), (3, 0.6), (4, 0.4)]",0.3,0.236,"[(1, 0.9299999999999999), (2, 0.585), (3, 0.18), (4, 0.12)]","[(1, 0.38), (2, 0.76), (3, 1.14), (4, 1.52), (5, 1.9), (6, 2.28)]",0.2,0.25,550000,10,10,0.5,0.1,0.25,0.6,13500,"[(1, 4000), (2, 4000), (3, 4000), (4, 4000), (5, 4000), (6, 4000), (7, 4000)]","[(1, 4000), (2, 4000)]","[(1, 20), (2, 30), (3, 40), (4, 50), (5, 60), (6, 70)]",1.21,optimal,569932.5,1459940.6,953328.8,506611.8,280000.0,246046.2,249562.5,114399.4,"[((3, 4), 1.0)]","[((2, 1), 1.0)]","[((1, 3, 2), 0.9299999999999999), ((2, 3, 2), 0.585), ((3, 3, 2), 0.18), ((4, 3, 2), 0.12)]","{1: 1.0, 2: 1.0, 3: 1.0, 4: 1.0000000000000002}",1.0,1.0,1.815,1.38666,1.146,34.7,65.3,1.269089601238522,0.8700000429322744
0.88,"[(1, 3.1), (2, 1.95), (3, 0.6), (4, 0.4)]",0.3,0.236,"[(1, 0.9299999999999999), (2, 0.585), (3, 0.18), (4, 0.12)]","[(1, 0.38), (2, 0.76), (3, 1.14), (4, 1.52), (5, 1.9), (6, 2.28)]",0.2,0.25,550000,10,10,0.5,0.1,0.25,0.6,13500,"[(1, 4000), (2, 4000), (3, 4000), (4, 4000), (5, 4000), (6, 4000), (7, 4000)]","[(1, 4000), (2, 4000)]","[(1, 20), (2, 30), (3, 40), (4, 50), (5, 60), (6, 70)]",1.21,optimal,575755.6,1465763.8,953328.8,512434.9,280000.0,246046.2,249562.5,114399.4,"[((3, 4), 1.0)]","[((2, 1), 1.0)]","[((1, 3, 2), 0.9299999999999999), ((2, 3, 2), 0.585), ((3, 3, 2), 0.18), ((4, 3, 2), 0.12)]","{1: 1.0, 2: 1.0, 3: 1.0, 4: 1.0000000000000002}",1.0,1.0,1.815,1.38666,1.146,35.0,65.0,1.3033891709247736,0.88
0.89,"[(1, 3.1), (2, 1.95), (3, 0.6), (4, 0.4)]",0.3,0.236,"[(1, 0.9299999999999999), (2, 0.585), (3, 0.18), (4, 0.12)]","[(1, 0.38), (2, 0.76), (3, 1.14), (4, 1.52), (5, 1.9), (6, 2.28)]",0.2,0.25,550000,10,10,0.5,0.1,0.25,0.6,13500,"[(1, 4000), (2, 4000), (3, 4000), (4, 4000), (5, 4000), (6, 4000), (7, 4000)]","[(1, 4000), (2, 4000)]","[(1, 20), (2, 30), (3, 40), (4, 50), (5, 60), (6, 70)]",1.21,optimal,581578.7,1471586.9,953328.8,518258.1,280000.0,246046.2,249562.5,114399.4,"[((3, 4), 1.0)]","[((2, 1), 1.0)]","[((1, 3, 2), 0.9299999999999999), ((2, 3, 2), 0.585), ((3, 3, 2), 0.18), ((4, 3, 2), 0.12)]","{1: 1.0, 2: 1.0, 3: 1.0, 4: 1.0000000000000002}",1.0,1.0,1.815,1.38666,1.146,35.2,64.8,1.3376887406110252,0.8899999570677256
0.9,"[(1, 3.1), (2, 1.95), (3, 0.6), (4, 0.4)]",0.3,0.236,"[(1, 0.9299999999999999), (2, 0.585), (3, 0.18), (4, 0.12)]","[(1, 0.38), (2, 0.76), (3, 1.14), (4, 1.52), (5, 1.9), (6, 2.28)]",0.2,0.25,550000,10,10,0.5,0.1,0.25,0.6,13500,"[(1, 4000), (2, 4000), (3, 4000), (4, 4000), (5, 4000), (6, 4000), (7, 4000)]","[(1, 4000), (2, 4000)]","[(1, 20), (2, 30), (3, 40), (4, 50), (5, 60), (6, 70)]",1.21,optimal,587401.9,1477410.0,953328.8,524081.2,280000.0,246046.2,249562.5,114399.4,"[((3, 4), 1.0)]","[((2, 1), 1.0)]","[((1, 3, 2), 0.9299999999999999), ((2, 3, 2), 0.585), ((3, 3, 2), 0.18), ((4, 3, 2), 0.12)]","{1: 1.0, 2: 1.0, 3: 1.0, 4: 1.0000000000000002}",1.0,1.0,1.815,1.38666,1.146,35.5,64.5,1.3719888993232203,0.9000000858645488
0.91,"[(1, 3.1), (2, 1.95), (3, 0.6), (4, 0.4)]",0.3,0.236,"[(1, 0.9299999999999999), (2, 0.585), (3, 0.18), (4, 0.12)]","[(1, 0.38), (2, 0.76), (3, 1.14), (4, 1.52), (5, 1.9), (6, 2.28)]",0.2,0.25,550000,10,10,0.5,0.1,0.25,0.6,13500,"[(1, 4000), (2, 4000), (3, 4000), (4, 4000), (5, 4000), (6, 4000), (7, 4000)]","[(1, 4000), (2, 4000)]","[(1, 20), (2, 30), (3, 40), (4, 50), (5, 60), (6, 70)]",1.21,optimal,593225.0,1483233.1,953328.8,529904.3,280000.0,246046.2,249562.5,114399.4,"[((3, 4), 1.0)]","[((2, 1), 1.0)]","[((1, 3, 2), 0.9299999999999999), ((2, 3, 2), 0.585), ((3, 3, 2), 0.18), ((4, 3, 2), 0.12)]","{1: 1.0, 2: 1.0, 3: 1.0, 4: 1.0000000000000002}",1.0,1.0,1.815,1.38666,1.146,35.7,64.3,1.406288469009472,0.9100000429322744
0.92,"[(1, 3.1), (2, 1.95), (3, 0.6), (4, 0.4)]",0.3,0.236,"[(1, 0.9299999999999999), (2, 0.585), (3, 0.18), (4, 0.12)]","[(1, 0.38), (2, 0.76), (3, 1.14), (4, 1.52), (5, 1.9), (6, 2.28)]",0.2,0.25,550000,10,10,0.5,0.1,0.25,0.6,13500,"[(1, 4000), (2, 4000), (3, 4000), (4, 4000), (5, 4000), (6, 4000), (7, 4000)]","[(1, 4000), (2, 4000)]","[(1, 20), (2, 30), (3, 40), (4, 50), (5, 60), (6, 70)]",1.21,optimal,599048.1,1489056.2,953328.8,535727.4,280000.0,246046.2,249562.5,114399.4,"[((3, 4), 1.0)]","[((2, 1), 1.0)]","[((1, 3, 2), 0.9299999999999999), ((2, 3, 2), 0.585), ((3, 3, 2), 0.18), ((4, 3, 2), 0.12)]","{1: 1.0, 2: 1.0, 3: 1.0, 4: 1.0000000000000002}",1.0,1.0,1.815,1.38666,1.146,36.0,64.0,1.4405880386957235,0.92
0.93,"[(1, 3.1), (2, 1.95), (3, 0.6), (4, 0.4)]",0.3,0.236,"[(1, 0.9299999999999999), (2, 0.585), (3, 0.18), (4, 0.12)]","[(1, 0.38), (2, 0.76), (3, 1.14), (4, 1.52), (5, 1.9), (6, 2.28)]",0.2,0.25,550000,10,10,0.5,0.1,0.25,0.6,13500,"[(1, 4000), (2, 4000), (3, 4000), (4, 4000), (5, 4000), (6, 4000), (7, 4000)]","[(1, 4000), (2, 4000)]","[(1, 20), (2, 30), (3, 40), (4, 50), (5, 60), (6, 70)]",1.21,optimal,604871.2,1494879.4,953328.8,541550.6,280000.0,246046.2,249562.5,114399.4,"[((3, 4), 1.0)]","[((2, 1), 1.0)]","[((1, 3, 2), 0.9299999999999999), ((2, 3, 2), 0.585), ((3, 3, 2), 0.18), ((4, 3, 2), 0.12)]","{1: 1.0, 2: 1.0, 3: 1.0, 4: 1.0000000000000002}",1.0,1.0,1.815,1.38666,1.146,36.2,63.8,1.474887608381975,0.9299999570677256
0.94,"[(1, 3.1), (2, 1.95), (3, 0.6), (4, 0.4)]",0.3,0.236,"[(1, 0.9299999999999999), (2, 0.585), (3, 0.18), (4, 0.12)]","[(1, 0.38), (2, 0.76), (3, 1.14), (4, 1.52), (5, 1.9), (6, 2.28)]",0.2,0.25,550000,10,10,0.5,0.1,0.25,0.6,13500,"[(1, 4000), (2, 4000), (3, 4000), (4, 4000), (5, 4000), (6, 4000), (7, 4000)]","[(1, 4000), (2, 4000)]","[(1, 20), (2, 30), (3, 40), (4, 50), (5, 60), (6, 70)]",1.21,optimal,610694.4,1500702.5,953328.8,547373.7,280000.0,246046.2,249562.5,114399.4,"[((3, 4), 1.0)]","[((2, 1), 1.0)]","[((1, 3, 2), 0.9299999999999999), ((2, 3, 2), 0.585), ((3, 3, 2), 0.18), ((4, 3, 2), 0.12)]","{1: 1.0, 2: 1.0, 3: 1.0, 4: 1.0000000000000002}",1.0,1.0,1.815,1.38666,1.146,36.5,63.5,1.5091877670941702,0.9400000858645489
0.95,"[(1, 3.1), (2, 1.95), (3, 0.6), (4, 0.4)]",0.3,0.236,"[(1, 0.9299999999999999), (2, 0.585), (3, 0.18), (4, 0.12)]","[(1, 0.38), (2, 0.76), (3, 1.14), (4, 1.52), (5, 1.9), (6, 2.28)]",0.2,0.25,550000,10,10,0.5,0.1,0.25,0.6,13500,"[(1, 4000), (2, 4000), (3, 4000), (4, 4000), (5, 4000), (6, 4000), (7, 4000)]","[(1, 4000), (2, 4000)]","[(1, 20), (2, 30), (3, 40), (4, 50), (5, 60), (6, 70)]",1.21,optimal,616517.5,1506525.6,953328.8,553196.8,280000.0,246046.2,249562.5,114399.4,"[((3, 4), 1.0)]","[((2, 1), 1.0)]","[((1, 3, 2), 0.9299999999999999), ((2, 3, 2), 0.585), ((3, 3, 2), 0.18), ((4, 3, 2), 0.12)]","{1: 1.0, 2: 1.0, 3: 1.0, 4: 1.0000000000000002}",1.0,1.0,1.815,1.38666,1.146,36.7,63.3,1.5434873367804218,0.9500000429322745
0.96,"[(1, 3.1), (2, 1.95), (3, 0.6), (4, 0.4)]",0.3,0.236,"[(1, 0.9299999999999999), (2, 0.585), (3, 0.18), (4, 0.12)]","[(1, 0.38), (2, 0.76), (3, 1.14), (4, 1.52), (5, 1.9), (6, 2.28)]",0.2,0.25,550000,10,10,0.5,0.1,0.25,0.6,13500,"[(1, 4000), (2, 4000), (3, 4000), (4, 4000), (5, 4000), (6, 4000), (7, 4000)]","[(1, 4000), (2, 4000)]","[(1, 20), (2, 30), (3, 40), (4, 50), (5, 60), (6, 70)]",1.21,optimal,622340.6,1512348.8,953328.8,559019.9,280000.0,246046.2,249562.5,114399.4,"[((3, 4), 1.0)]","[((2, 1), 1.0)]","[((1, 3, 2), 0.9299999999999999), ((2, 3, 2), 0.585), ((3, 3, 2), 0.18), ((4, 3, 2), 0.12)]","{1: 1.0, 2: 1.0, 3: 1.0, 4: 1.0000000000000002}",1.0,1.0,1.815,1.38666,1.146,37.0,63.0,1.5777869064666734,0.9600000000000001
0.97,"[(1, 3.1), (2, 1.95), (3, 0.6), (4, 0.4)]",0.3,0.236,"[(1, 0.9299999999999999), (2, 0.585), (3, 0.18), (4, 0.12)]","[(1, 0.38), (2, 0.76), (3, 1.14), (4, 1.52), (5, 1.9), (6, 2.28)]",0.2,0.25,550000,10,10,0.5,0.1,0.25,0.6,13500,"[(1, 4000), (2, 4000), (3, 4000), (4, 4000), (5, 4000), (6, 4000), (7, 4000)]","[(1, 4000), (2, 4000)]","[(1, 20), (2, 30), (3, 40), (4, 50), (5, 60), (6, 70)]",1.21,optimal,628163.7,1518171.9,953328.8,564843.1,280000.0,246046.2,249562.5,114399.4,"[((3, 4), 1.0)]","[((2, 1), 1.0)]","[((1, 3, 2), 0.9299999999999999), ((2, 3, 2), 0.585), ((3, 3, 2), 0.18), ((4, 3, 2), 0.12)]","{1: 1.0, 2: 1.0, 3: 1.0, 4: 1.0000000000000002}",1.0,1.0,1.815,1.38666,1.146,37.2,62.8,1.612086476152925,0.9699999570677257
0.98,"[(1, 3.1), (2, 1.95), (3, 0.6), (4, 0.4)]",0.3,0.236,"[(1, 0.9299999999999999), (2, 0.585), (3, 0.18), (4, 0.12)]","[(1, 0.38), (2, 0.76), (3, 1.14), (4, 1.52), (5, 1.9), (6, 2.28)]",0.2,0.25,550000,10,10,0.5,0.1,0.25,0.6,13500,"[(1, 4000), (2, 4000), (3, 4000), (4, 4000), (5, 4000), (6, 4000), (7, 4000)]","[(1, 4000), (2, 4000)]","[(1, 20), (2, 30), (3, 40), (4, 50), (5, 60), (6, 70)]",1.21,optimal,633986.9,1523995.0,953328.8,570666.2,280000.0,246046.2,249562.5,114399.4,"[((3, 4), 1.0)]","[((2, 1), 1.0)]","[((1, 3, 2), 0.9299999999999999), ((2, 3, 2), 0.585), ((3, 3, 2), 0.18), ((4, 3, 2), 0.12)]","{1: 1.0, 2: 1.0, 3: 1.0, 4: 1.0000000000000002}",1.0,1.0,1.815,1.38666,1.146,37.4,62.6,1.6463866348651202,0.9800000858645487
0.99,"[(1, 3.1), (2, 1.95), (3, 0.6), (4, 0.4)]",0.3,0.236,"[(1, 0.9299999999999999), (2, 0.585), (3, 0.18), (4, 0.12)]","[(1, 0.38), (2, 0.76), (3, 1.14), (4, 1.52), (5, 1.9), (6, 2.28)]",0.2,0.25,550000,10,10,0.5,0.1,0.25,0.6,13500,"[(1, 4000), (2, 4000), (3, 4000), (4, 4000), (5, 4000), (6, 4000), (7, 4000)]","[(1, 4000), (2, 4000)]","[(1, 20), (2, 30), (3, 40), (4, 50), (5, 60), (6, 70)]",1.21,optimal,639810.0,1529818.1,953328.8,576489.3,280000.0,246046.2,249562.5,114399.4,"[((3, 4), 1.0)]","[((2, 1), 1.0)]","[((1, 3, 2), 0.9299999999999999), ((2, 3, 2), 0.585), ((3, 3, 2), 0.18), ((4, 3, 2), 0.12)]","{1: 1.0, 2: 1.0, 3: 1.0, 4: 1.0000000000000002}",1.0,1.0,1.815,1.38666,1.146,37.7,62.3,1.6806862045513717,0.9900000429322743
1.0,"[(1, 3.1), (2, 1.95), (3, 0.6), (4, 0.4)]",0.3,0.236,"[(1, 0.9299999999999999), (2, 0.585), (3, 0.18), (4, 0.12)]","[(1, 0.38), (2, 0.76), (3, 1.14), (4, 1.52), (5, 1.9), (6, 2.28)]",0.2,0.25,550000,10,10,0.5,0.1,0.25,0.6,13500,"[(1, 4000), (2, 4000), (3, 4000), (4, 4000), (5, 4000), (6, 4000), (7, 4000)]","[(1, 4000), (2, 4000)]","[(1, 20), (2, 30), (3, 40), (4, 50), (5, 60), (6, 70)]",1.21,optimal,645633.1,1535641.2,953328.8,582312.4,280000.0,246046.2,249562.5,114399.4,"[((3, 4), 1.0)]","[((2, 1), 1.0)]","[((1, 3, 2), 0.9299999999999999), ((2, 3, 2), 0.585), ((3, 3, 2), 0.18), ((4, 3, 2), 0.12)]","{1: 1.0, 2: 1.0, 3: 1.0, 4: 1.0000000000000002}",1.0,1.0,1.815,1.38666,1.146,37.9,62.1,1.7149857742376233,0.9999999999999999
